Coin ID,Capitalización total de mercado (market cap),Categorías
0x0-ai-ai-smart-contract,254680974.0,"['Artificial Intelligence (AI)', 'Privacy Coins', 'Ethereum Ecosystem']"
0xdefcafe,0.0,"['Artificial Intelligence (AI)', 'Decentralized Finance (DeFi)', 'BNB Chain Ecosystem', 'MEV Protection', 'Ethereum Ecosystem']"
1000troll,0.0,['Meme']
-2,17786.5,"['Meme', 'Ethereum Ecosystem']"
2dai-io,2110874.0,"['Telegram Apps', 'Artificial Intelligence (AI)', 'Virtual Reality', 'NFT', 'Ethereum Ecosystem']"
-3,0.0,"['Cat-Themed Coins', 'Meme', 'Ethereum Ecosystem']"
3d3d,31309.0,"['Meme', 'Ethereum Ecosystem']"
3dpass,0.0,"['Layer 1 (L1)', 'Real World Assets (RWA)']"
4chan,0.0,"['Meme', 'Ethereum Ecosystem']"
aardvark,0.0,"['Meme', 'Ethereum Ecosystem']"
aardvark-2,0.0,"['Meme', 'Ethereum Ecosystem']"
aavegotchi,106594115.0,"['Layer 3 (L3)', 'Gaming Utility Token', 'Gaming Governance Token', 'Gaming (GameFi)', 'Governance', 'NFT', 'Metaverse', 'Play To Earn', 'Polygon Ecosystem', 'Collectibles', 'Gotchiverse', 'Ethereum Ecosystem']"
aavegotchi-alpha,161456.0,"['Gaming (GameFi)', 'NFT', 'Metaverse', 'Polygon Ecosystem', 'Gotchiverse']"
aavegotchi-fomo,152648.0,"['Gaming (GameFi)', 'NFT', 'Metaverse', 'Polygon Ecosystem', 'Gotchiverse']"
aavegotchi-fud,166003.0,"['Gaming (GameFi)', 'NFT', 'Metaverse', 'Polygon Ecosystem', 'Gotchiverse']"
aavegotchi-kek,212266.0,"['Gaming (GameFi)', 'NFT', 'Metaverse', 'Play To Earn', 'Polygon Ecosystem', 'Gotchiverse']"
achi-inu,0.0,"['Dog-Themed Coins', 'Solana Meme Coins', 'Solana Ecosystem', 'Meme']"
ada-peepos,0.0,"['Cardano Ecosystem', 'Meme']"
adapt3r-digital-treasury-bill-fund,,"['Tokenized Treasury Bills (T-Bills)', 'Ethereum Ecosystem', 'Real World Assets (RWA)']"
ada-the-dog,0.0,"['Dog-Themed Coins', 'Solana Meme Coins', 'Solana Ecosystem', 'Meme']"
advantis,0.0,"['Telegram Apps', 'Discord Bots', 'Artificial Intelligence (AI)', 'Ethereum Ecosystem']"
aegis-ai,15884179.0,"['Artificial Intelligence (AI)', 'Privacy Coins', 'Ethereum Ecosystem']"
aevum-ore,0.0,"['Gaming (GameFi)', 'Solana Ecosystem']"
affyn,21037866.0,"['Gaming (GameFi)', 'Metaverse', 'Play To Earn', 'Polygon Ecosystem', 'Kommunitas Launchpad']"
a-gently-used-nokia-3310,0.0,"['Solana Ecosystem', 'Meme']"
agoras-currency-of-tau,70604062.0,"['Artificial Intelligence (AI)', 'Smart Contract Platform', 'Ethereum Ecosystem']"
ai-floki,0.0,"['BNB Chain Ecosystem', 'Meme']"
aigentx,0.0,"['Telegram Apps', 'Artificial Intelligence (AI)', 'Ethereum Ecosystem']"
aimbot,4027390.0,"['Telegram Apps', 'Artificial Intelligence (AI)', 'Ethereum Ecosystem']"
aimedis-new,2894323.0,"['Decentralized Science (DeSci)', 'Healthcare', 'Artificial Intelligence (AI)', 'NFT', 'Metaverse', 'Polygon Ecosystem']"
ai-network,6623047.0,"['Artificial Intelligence (AI)', 'Ethereum Ecosystem']"
aioz-network,694076234.0,"['DePIN', 'DWF Labs Portfolio', 'Artificial Intelligence (AI)', 'Smart Contract Platform', 'Storage', 'Cosmos Ecosystem', 'BNB Chain Ecosystem', 'Layer 1 (L1)', 'Ethereum Ecosystem']"
ai-power-grid,5599019.0,['Artificial Intelligence (AI)']
airight,5723708.0,"['Artificial Intelligence (AI)', 'NFT', 'BNB Chain Ecosystem']"
ait-protocol,38603715.0,"['PAAL AI', 'Artificial Intelligence (AI)', 'Ethereum Ecosystem']"
akamaru,0.0,"['Starknet Ecosystem', 'Meme']"
akash-network,863058095.0,"['Osmosis Ecosystem', 'DePIN', 'Proof of Stake (PoS)', 'Artificial Intelligence (AI)', 'Cosmos Ecosystem']"
akitaaaaaa,0.0,"['Dog-Themed Coins', 'Sei Ecosystem', 'Meme']"
akita-inu,0.0,"['Meme', 'Avalanche Ecosystem', 'Algorand Ecosystem', 'Ethereum Ecosystem']"
akita-inu-3,0.0,"['TON Meme Coins', 'TON Ecosystem', 'Meme']"
aktionariat-alan-frei-company-tokenized-shares,0.0,"['Ethereum Ecosystem', 'Real World Assets (RWA)']"
aktionariat-ayurveda-ag-tokenized-shares,0.0,"['Ethereum Ecosystem', 'Real World Assets (RWA)']"
aktionariat-boss-info-ag-tokenized-shares,0.0,"['Ethereum Ecosystem', 'Real World Assets (RWA)']"
aktionariat-outlawz-food-ag-tokenized-shares,0.0,"['Ethereum Ecosystem', 'Real World Assets (RWA)']"
aktionariat-parknsleep-ag-tokenized-shares,0.0,"['Ethereum Ecosystem', 'Real World Assets (RWA)']"
aktionariat-pension-dynamics-ag-tokenized-shares,0.0,"['Ethereum Ecosystem', 'Real World Assets (RWA)']"
aktionariat-realunit-schweiz-ag-tokenized-shares,0.0,"['Ethereum Ecosystem', 'Real World Assets (RWA)']"
aktionariat-servicehunter-ag-tokenized-shares,0.0,"['Ethereum Ecosystem', 'Real World Assets (RWA)']"
aktionariat-technologies-of-understanding-ag-tokenized-shares,0.0,"['Ethereum Ecosystem', 'Real World Assets (RWA)']"
alaska-gold-rush,2006309.0,"['Gaming (GameFi)', 'BNB Chain Ecosystem']"
aleph,28611825.0,"['DePIN', 'FTX Holdings', 'Artificial Intelligence (AI)', 'Infrastructure', 'Storage', 'Cosmos Ecosystem', 'Polkadot Ecosystem', 'BNB Chain Ecosystem', 'Solana Ecosystem', 'Polygon Ecosystem', 'Avalanche Ecosystem', 'Ethereum Ecosystem']"
alethea-artificial-liquid-intelligence-token,67036545.0,"['Multicoin Capital Portfolio', 'Artificial Intelligence (AI)', 'Base Ecosystem', 'NFT', 'Metaverse', 'Polygon Ecosystem', 'Cronos Ecosystem', 'Ethereum Ecosystem']"
alien-worlds,62576234.0,"['Gaming Governance Token', 'Card Games', 'Gaming (GameFi)', 'Binance Launchpool', 'NFT', 'BNB Chain Ecosystem', 'Play To Earn', 'Ethereum Ecosystem']"
allianceblock-nexera,127716198.0,"['BNB Chain Ecosystem', 'Polygon Ecosystem', 'Avalanche Ecosystem', 'Ethereum Ecosystem', 'Real World Assets (RWA)']"
all-in,1082526.0,"['Telegram Apps', 'Artificial Intelligence (AI)', 'Ethereum Ecosystem']"
all-your-base,497034.0,"['Meme', 'Ethereum Ecosystem']"
all-your-base-2,0.0,"['Base Meme Coins', 'Base Ecosystem', 'Meme']"
alphakek-ai,0.0,"['Artificial Intelligence (AI)', 'Ethereum Ecosystem']"
alpha-radar-bot,412226.0,"['Telegram Apps', 'Artificial Intelligence (AI)', 'Ethereum Ecosystem']"
alpharushai,73224.0,"['Telegram Apps', 'Artificial Intelligence (AI)', 'Ethereum Ecosystem']"
alphascan,3368429.0,"['Telegram Apps', 'Artificial Intelligence (AI)', 'Analytics', 'Arbitrum Ecosystem', 'Ethereum Ecosystem']"
altered-state-token,29915711.0,"['Gaming Utility Token', 'Coinbase Ventures Portfolio', 'Gaming Governance Token', 'Artificial Intelligence (AI)', 'Gaming (GameFi)', 'NFT', 'Metaverse', 'Ethereum Ecosystem']"
altura,34255109.0,"['Gaming Platform', 'Infrastructure', 'Gaming (GameFi)', 'NFT', 'BNB Chain Ecosystem', 'Avalanche Ecosystem', 'Ethereum Ecosystem']"
alux-jownes,0.0,"['Solana Meme Coins', 'Solana Ecosystem', 'Meme']"
american-coin,0.0,"['Parody Meme Coins', 'Solana Meme Coins', 'Solana Ecosystem', 'Meme']"
analos,6825375.0,"['Solana Meme Coins', 'Solana Ecosystem', 'Meme']"
andy-the-wisguy,0.0,"['Meme', 'Ethereum Ecosystem']"
anime-base,0.0,"['Base Meme Coins', 'Base Ecosystem', 'Meme']"
anrkey-x,18229.37,"['Gaming (GameFi)', 'NFT', 'BNB Chain Ecosystem', 'DaoMaker Ecosystem', 'Play To Earn', 'Polygon Ecosystem', 'Ethereum Ecosystem']"
ansem-s-cat,0.0,"['Cat-Themed Coins', 'Solana Meme Coins', 'Solana Ecosystem', 'Meme']"
any-inu,10596941.0,"['Dog-Themed Coins', 'Blast Ecosystem', 'Base Ecosystem', 'BNB Chain Ecosystem', 'Fantom Ecosystem', 'Solana Ecosystem', 'Arbitrum Ecosystem', 'Polygon Ecosystem', 'Meme', 'Avalanche Ecosystem', 'Optimism Ecosystem', 'Ethereum Ecosystem']"
ape-2,127651.0,['Meme']
apecoin,743447938.0,"['Gaming Utility Token', 'Gaming Governance Token', 'Gaming (GameFi)', 'NFT', 'Polygon Ecosystem', 'Ethereum Ecosystem']"
ape-in,8448.48,"['Gaming (GameFi)', 'Play To Earn', 'Avalanche Ecosystem', 'Ethereum Ecosystem']"
arbdoge-ai,74876066.0,"['Dog-Themed Coins', 'DWF Labs Portfolio', 'Arbitrum Ecosystem', 'Meme']"
arbius,11622773.0,"['Artificial Intelligence (AI)', 'Ethereum Ecosystem', 'Arbitrum Nova Ecosystem']"
arc,56673577.0,"['Artificial Intelligence (AI)', 'Ethereum Ecosystem']"
arcade-2,0.0,"['Gaming (GameFi)', 'Play To Earn', 'Ethereum Ecosystem']"
arcadeum,0.0,"['Gambling', 'Gaming (GameFi)', 'Arbitrum Ecosystem']"
architex,0.0,"['DePIN', 'Artificial Intelligence (AI)', 'Ethereum Ecosystem']"
arena-token,0.0,"['Gambling', 'Gaming (GameFi)', 'BNB Chain Ecosystem']"
arker-2,0.0,"['RPG', 'Gaming (GameFi)', 'BNB Chain Ecosystem']"
arkham,303538346.0,"['Binance Launchpad', 'Coinbase Ventures Portfolio', 'Artificial Intelligence (AI)', 'Analytics', 'Ethereum Ecosystem']"
arkitech,10226053.0,"['Telegram Apps', 'Discord Bots', 'Decentralized Exchange (DEX)', 'Artificial Intelligence (AI)', 'MEV Protection', 'Ethereum Ecosystem']"
ark-rivals,0.0,"['Gaming (GameFi)', 'BNB Chain Ecosystem', 'Play To Earn']"
army-of-fortune-metaverse,0.0,"['Gaming (GameFi)', 'Arbitrum Ecosystem']"
artrade,67971025.0,"['Art', 'NFT', 'Solana Ecosystem', 'Real World Assets (RWA)', 'NFT Marketplace']"
artyfact,10654535.0,"['Gaming Governance Token', 'Gaming (GameFi)', 'Metaverse', 'BNB Chain Ecosystem']"
assetlink,,"['Ethereum Ecosystem', 'Real World Assets (RWA)']"
astropepex,7850814.0,"['AI Meme Coins', 'Meme', 'Ethereum Ecosystem']"
atari,1770812.0,"['Gaming (GameFi)', 'NFT', 'Metaverse', 'BNB Chain Ecosystem', 'Fantom Ecosystem', 'Polygon Ecosystem', 'Ethereum Ecosystem']"
atlas-navi,23889678.0,"['Artificial Intelligence (AI)', 'NFT', 'DaoMaker Ecosystem', 'Ethereum Ecosystem']"
aurory,36032671.0,"['FTX Holdings', 'DWF Labs Portfolio', 'Gaming Utility Token', 'Gaming Governance Token', 'Adventure Games', 'Gaming (GameFi)', 'NFT', 'Metaverse', 'Solana Ecosystem', 'Arbitrum Ecosystem', 'Play To Earn']"
australian-safe-shepherd,0.0,"['BNB Chain Ecosystem', 'Meme']"
autonolas,154079301.0,"['Artificial Intelligence (AI)', 'AI Agents', 'Solana Ecosystem', 'Gnosis Chain Ecosystem', 'Polygon Ecosystem', 'Ethereum Ecosystem']"
avaocado-dao,2447004.0,"['Gaming (GameFi)', 'NFT', 'Metaverse', 'BNB Chain Ecosystem', 'Guild and Scholarship', 'Play To Earn', 'Collectibles', 'Ethereum Ecosystem']"
avax-has-no-chill,14030127.0,"['Meme', 'Avalanche Ecosystem']"
avaxlama,0.0,"['Meme', 'Avalanche Ecosystem']"
avaxtars,99866.0,"['Gaming (GameFi)', 'NFT', 'Metaverse', 'Play To Earn', 'Avalanche Ecosystem']"
aventis-metaverse,0.0,"['Artificial Intelligence (AI)', 'Metaverse', 'Polygon Ecosystem']"
awkward-look-monkey-club,0.0,"['Solana Meme Coins', 'Solana Ecosystem', 'Meme']"
axie-infinity,987388771.0,"['Binance Launchpad', 'Ronin Ecosystem', 'Alleged SEC Securities', 'Gaming Utility Token', 'Breeding', 'Gaming Governance Token', 'Paradigm Portfolio', 'Card Games', 'Gaming (GameFi)', 'NFT', 'Axie Infinity', 'Metaverse', 'BNB Chain Ecosystem', 'Harmony Ecosystem', 'Play To Earn', 'Ethereum Ecosystem']"
baby-doge-coin,231211557.0,"['Dog-Themed Coins', 'BNB Chain Ecosystem', 'Meme', 'Ethereum Ecosystem']"
babypepe,0.0,"['Meme', 'Ethereum Ecosystem']"
baby-pepe-erc20,0.0,"['Meme', 'Ethereum Ecosystem']"
baby-shiba-inu-erc,1165815.0,"['Meme', 'Ethereum Ecosystem']"
babytrump,1229275.0,"['PolitiFi', 'Solana Ecosystem', 'Meme', 'Ethereum Ecosystem']"
backed-coinbase-global,0.0,"['BNB Chain Ecosystem', 'Gnosis Chain Ecosystem', 'Polygon Ecosystem', 'Avalanche Ecosystem', 'Ethereum Ecosystem', 'Real World Assets (RWA)']"
backed-cspx-core-s-p-500,0.0,"['BNB Chain Ecosystem', 'Gnosis Chain Ecosystem', 'Polygon Ecosystem', 'Avalanche Ecosystem', 'Ethereum Ecosystem', 'Real World Assets (RWA)']"
backed-govies-0-6-months-euro,0.0,"['BNB Chain Ecosystem', 'Gnosis Chain Ecosystem', 'Polygon Ecosystem', 'Avalanche Ecosystem', 'Ethereum Ecosystem', 'Real World Assets (RWA)']"
backed-high-high-yield-corp-bond,0.0,"['BNB Chain Ecosystem', 'Gnosis Chain Ecosystem', 'Polygon Ecosystem', 'Avalanche Ecosystem', 'Ethereum Ecosystem', 'Real World Assets (RWA)']"
backed-ib01-treasury-bond-0-1yr,0.0,"['Tokenized Treasury Bonds (T-Bonds)', 'Ethereum Ecosystem', 'Real World Assets (RWA)']"
backed-ibta-treasury-bond-1-3yr,0.0,"['Tokenized Treasury Bonds (T-Bonds)', 'BNB Chain Ecosystem', 'Gnosis Chain Ecosystem', 'Polygon Ecosystem', 'Avalanche Ecosystem', 'Ethereum Ecosystem', 'Real World Assets (RWA)']"
backed-niu-technologies,0.0,"['BNB Chain Ecosystem', 'Gnosis Chain Ecosystem', 'Arbitrum Ecosystem', 'Polygon Ecosystem', 'Avalanche Ecosystem', 'Ethereum Ecosystem', 'Real World Assets (RWA)']"
bad-idea-ai,16111833.0,"['Telegram Apps', 'Discord Bots', 'Artificial Intelligence (AI)', 'Meme', 'Ethereum Ecosystem']"
bag,6567548.0,"['Gaming Utility Token', 'Blast Ecosystem', 'Gaming Governance Token', 'Gaming (GameFi)', 'Metaverse', 'Polygon Ecosystem', 'Ethereum Ecosystem']"
balance-ai,0.0,"['Artificial Intelligence (AI)', 'Ethereum Ecosystem']"
bald-dog,0.0,"['Dog-Themed Coins', 'Base Meme Coins', 'Base Ecosystem', 'Meme']"
bananacat,1128044.0,"['Cat-Themed Coins', 'Meme', 'Ethereum Ecosystem']"
bananace,0.0,"['BNB Chain Ecosystem', 'Meme']"
banano,9955392.0,"['Cryptocurrency', 'BNB Chain Ecosystem', 'Fantom Ecosystem', 'Arbitrum Ecosystem', 'Polygon Ecosystem', 'Meme', 'Ethereum Ecosystem']"
baobaosol,0.0,"['Solana Meme Coins', 'Solana Ecosystem', 'Meme']"
bark,0.0,"['Meme', 'Ethereum Ecosystem']"
barter,5961.71,"['BNB Chain Ecosystem', 'Ethereum Ecosystem', 'Real World Assets (RWA)']"
based-brett,507885143.0,"['Frog-Themed Coins', 'Base Meme Coins', 'Base Ecosystem', 'Meme']"
based-chad,0.0,"['Base Meme Coins', 'Base Ecosystem', 'Meme']"
based-shiba-inu,0.0,"['Dog-Themed Coins', 'Base Meme Coins', 'Base Ecosystem', 'Meme']"
base-god,16252644.0,"['Base Meme Coins', 'Farcaster Ecosystem', 'Base Ecosystem', 'Meme']"
base-pro-shops,0.0,"['Base Meme Coins', 'Base Ecosystem', 'Meme']"
basic-dog-meme,0.0,"['Base Ecosystem', 'Meme']"
batcat,0.0,"['Cat-Themed Coins', 'Solana Meme Coins', 'Solana Ecosystem', 'Meme']"
battle-pets,1925359.0,"['Entertainment', 'Gaming (GameFi)', 'NFT', 'Arbitrum Ecosystem', 'Ethereum Ecosystem']"
battleverse,0.0,"['Gaming (GameFi)', 'BNB Chain Ecosystem']"
battle-world,3285226.0,"['Gaming Utility Token', 'Gaming (GameFi)', 'NFT', 'Metaverse', 'Play To Earn', 'Polygon Ecosystem']"
beam-2,1410661705.0,"['Gaming Blockchains', 'DWF Labs Portfolio', 'Gaming (GameFi)', 'Binance Launchpool', 'BNB Chain Ecosystem', 'Ethereum Ecosystem']"
beamcat,0.0,"['Beam Ecosystem', 'Cat-Themed Coins', 'Meme']"
bear-inu,0.0,"['Meme', 'Ethereum Ecosystem']"
ben-the-dog,0.0,"['Dog-Themed Coins', 'Solana Meme Coins', 'Solana Ecosystem', 'Meme']"
benzene,127179.0,"['Gaming (GameFi)', 'NFT', 'Metaverse', 'Play To Earn', 'Ethereum Ecosystem']"
berry-pixels,0.0,"['Ronin Ecosystem', 'DWF Labs Portfolio', 'Gaming (GameFi)']"
betbuinu,0.0,"['Meme', 'Ethereum Ecosystem']"
bezoge-earth,342234.0,"['Gaming (GameFi)', 'NFT', 'Ethereum Ecosystem']"
big-time,145029146.0,"['RPG', 'Gaming (GameFi)', 'Ethereum Ecosystem']"
binamon,786281.0,"['Gaming (GameFi)', 'NFT', 'Metaverse', 'Play To Earn']"
binance-peg-dogecoin,0.0,"['BNB Chain Ecosystem', 'Harmony Ecosystem', 'Meme']"
bingus-the-cat,0.0,"['Cat-Themed Coins', 'Solana Meme Coins', 'Solana Ecosystem', 'Meme']"
birb-3,0.0,"['Solana Meme Coins', 'Solana Ecosystem', 'Meme']"
bird-money,1616203.0,"['Artificial Intelligence (AI)', 'Oracle', 'Analytics', 'BNB Chain Ecosystem', 'Ethereum Ecosystem']"
bitcat,0.0,"['Cat-Themed Coins', 'Solana Meme Coins', 'Solana Ecosystem', 'Meme']"
bitcoin-cats,0.0,"['Gaming Platform', 'Gaming (GameFi)', 'Ethereum Ecosystem', 'Layer 2 (L2)']"
bitscrunch-token,11120554.0,"['Coinbase Ventures Portfolio', 'Artificial Intelligence (AI)', 'Analytics', 'NFT', 'Polygon Ecosystem', 'Ethereum Ecosystem']"
bittensor,3036548324.0,['Artificial Intelligence (AI)']
blackpool-token,1352018.0,"['Gaming (GameFi)', 'NFT', 'Asset Manager', 'Metaverse', 'Guild and Scholarship', 'Olympus Pro', 'Polygon Ecosystem', 'Ethereum Ecosystem']"
black-rabbit-ai,0.0,"['Artificial Intelligence (AI)', 'Arbitrum Ecosystem', 'Ethereum Ecosystem']"
blackrocktradingcurrency,0.0,"['Decentralized Finance (DeFi)', 'Meme', 'Ethereum Ecosystem']"
blacksmith-token,585051.0,"['Telegram Apps', 'Artificial Intelligence (AI)', 'Ethereum Ecosystem']"
blockchain-cuties-universe-governance,37757.0,"['Gaming (GameFi)', 'NFT', 'Ethereum Ecosystem']"
blockchain-monster-hunt,1417278.0,"['Gaming (GameFi)', 'NFT', 'BNB Chain Ecosystem', 'Play To Earn', 'Polygon Ecosystem', 'Ethereum Ecosystem']"
blockchainspace,2378711.0,"['Gaming (GameFi)', 'SocialFi', 'NFT', 'Fan Token', 'Metaverse', 'BNB Chain Ecosystem', 'Guild and Scholarship', 'Play To Earn', 'Polygon Ecosystem', 'Collectibles', 'Ethereum Ecosystem']"
blockgames,0.0,"['Gaming (GameFi)', 'Ethereum Ecosystem']"
blockgpt,0.0,"['Telegram Apps', 'Artificial Intelligence (AI)', 'Ethereum Ecosystem']"
blocksquare,29354619.0,"['Ethereum Ecosystem', 'Real World Assets (RWA)']"
bluzelle,146688572.0,"['Gaming Blockchains', 'Gaming (GameFi)', 'Storage', 'Cosmos Ecosystem', 'Polkadot Ecosystem', 'BNB Chain Ecosystem', 'Ethereum Ecosystem']"
bobacat,22098120.0,"['Cat-Themed Coins', 'Meme', 'Ethereum Ecosystem']"
bober,0.0,"['Meme', 'MultiversX Ecosystem']"
bobo,0.0,"['Meme', 'Ethereum Ecosystem']"
bobo-coin,0.0,"['Meme', 'Ethereum Ecosystem']"
bob-token,14890641.0,"['Meme', 'Ethereum Ecosystem']"
bomber-coin,4113564.0,"['Gaming (GameFi)', 'NFT', 'BNB Chain Ecosystem', 'Play To Earn']"
bonk,948013204.0,"['Dog-Themed Coins', 'Neon Ecosystem', 'Solana Meme Coins', 'BNB Chain Ecosystem', 'Solana Ecosystem', 'Arbitrum Ecosystem', 'Polygon Ecosystem', 'Meme', 'Ethereum Ecosystem', 'Aptos Ecosystem']"
bonk-2-0-sol,669781.0,"['Dog-Themed Coins', 'Solana Meme Coins', 'Solana Ecosystem', 'Meme']"
bonkwifhat,0.0,"['Dog-Themed Coins', 'Solana Meme Coins', 'Solana Ecosystem', 'Meme']"
book-of-meme,472501800.0,"['Solana Meme Coins', 'Solana Ecosystem', 'Meme']"
book-of-meow,0.0,"['Cat-Themed Coins', 'Solana Meme Coins', 'Solana Ecosystem', 'Meme']"
boson-protocol,61954805.0,"['NFT', 'Metaverse', 'Polygon Ecosystem', 'Ethereum Ecosystem', 'Real World Assets (RWA)']"
boss,0.0,['Meme']
bostrom,15589858.0,"['Artificial Intelligence (AI)', 'Cosmos Ecosystem']"
botto,35387358.0,"['Artificial Intelligence (AI)', 'NFT', 'Ethereum Ecosystem']"
bounty-temple,0.0,"['Gaming Governance Token', 'Gaming (GameFi)', 'Polygon Ecosystem']"
bozo-hybrid,12648161.0,"['Solana Meme Coins', 'Solana Ecosystem', 'Meme']"
breederdao,30554695.0,"['DWF Labs Portfolio', 'Gaming (GameFi)', 'Metaverse', 'Polygon Ecosystem', 'Ethereum Ecosystem']"
brepe,0.0,"['Meme', 'Ethereum Ecosystem']"
brickken,16764322.0,"['BNB Chain Ecosystem', 'Ethereum Ecosystem', 'Real World Assets (RWA)']"
bridge-oracle,13462373.0,"['Artificial Intelligence (AI)', 'Oracle', 'Decentralized Finance (DeFi)', 'BNB Chain Ecosystem', 'Arbitrum Ecosystem', 'Liquid Staking Tokens', 'Ethereum Ecosystem']"
broge,0.0,"['Base Meme Coins', 'Base Ecosystem', 'Meme']"
bullbear-ai,0.0,"['Arbitrum Ecosystem', 'Meme']"
bullieverse,5298641.0,"['Adventure Games', 'Gaming (GameFi)', 'NFT', 'Metaverse', 'Play To Earn', 'Polygon Ecosystem']"
bull-run-today,0.0,"['BNB Chain Ecosystem', 'Meme']"
bunicorn,0.0,"['Decentralized Exchange (DEX)', 'Gaming (GameFi)', 'NFT', 'BNB Chain Ecosystem', 'Play To Earn']"
burger-swap,16117322.0,"['Decentralized Exchange (DEX)', 'Gaming Utility Token', 'Gaming Governance Token', 'Gaming (GameFi)', 'NFT', 'Automated Market Maker (AMM)', 'Metaverse', 'BNB Chain Ecosystem', 'Play To Earn']"
burn,0.0,"['Meme', 'Ethereum Ecosystem']"
burrrd,0.0,"['Solana Meme Coins', 'Solana Ecosystem', 'Meme']"
buttman,0.0,"['Base Meme Coins', 'Base Ecosystem', 'Meme']"
byte,14315550.0,"['Dog-Themed Coins', 'AI Meme Coins', 'Elon Musk-Inspired Coins', 'Base Ecosystem', 'BNB Chain Ecosystem', 'Solana Ecosystem', 'Arbitrum Ecosystem', 'Meme', 'Ethereum Ecosystem']"
cake-monster,773699.0,"['NFT', 'Yield Farming', 'BNB Chain Ecosystem', 'Meme']"
cantina-royale,0.0,"['Gaming (GameFi)', 'Play To Earn', 'MultiversX Ecosystem']"
canto,97341017.0,"['Parallelized EVM', 'Smart Contract Platform', 'Cosmos Ecosystem', 'Layer 1 (L1)', 'Ethereum Ecosystem', 'Canto Ecosystem', 'Real World Assets (RWA)']"
carbify,33670497.0,"['Gaming (GameFi)', 'NFT', 'Polygon Ecosystem', 'Ethereum Ecosystem', 'Regenerative Finance (ReFi)', 'Real World Assets (RWA)']"
carbon-browser,23360695.0,"['Decentralized Exchange (DEX)', 'DWF Labs Portfolio', 'Poolz Finance Launchpad', 'Artificial Intelligence (AI)', 'Infrastructure', 'BNB Chain Ecosystem', 'Wallets', 'Ethereum Ecosystem']"
caroline,0.0,"['Meme', 'Ethereum Ecosystem']"
catbonk,129049.0,"['BNB Chain Ecosystem', 'Meme']"
cat-cat-token,1011363.0,"['BNB Chain Ecosystem', 'Meme']"
catceo,0.0,"['BNB Chain Ecosystem', 'Meme']"
catcoin-bsc,0.0,"['BNB Chain Ecosystem', 'Meme']"
catcoin-cash,38274065.0,"['Cat-Themed Coins', 'Solana Meme Coins', 'BNB Chain Ecosystem', 'Solana Ecosystem', 'Meme', 'Ethereum Ecosystem']"
catecoin,12803451.0,"['Cat-Themed Coins', 'Entertainment', 'Gaming (GameFi)', 'NFT', 'Yield Aggregator', 'BNB Chain Ecosystem', 'Wallets', 'Play To Earn', 'Launchpad', 'Meme', 'Ethereum Ecosystem']"
catfish,470238.0,"['Cat-Themed Coins', 'Solana Meme Coins', 'Solana Ecosystem', 'Meme']"
catgirl,19198905.0,"['NFT', 'BNB Chain Ecosystem', 'Meme']"
cat-in-a-dogs-world,520681830.0,"['Cat-Themed Coins', 'Solana Meme Coins', 'Solana Ecosystem', 'Meme']"
catino,0.0,"['Cat-Themed Coins', 'Solana Meme Coins', 'Solana Ecosystem', 'Meme']"
cat-token,660309.0,"['Cat-Themed Coins', 'NFT', 'Meme', 'Ethereum Ecosystem']"
catvax,0.0,"['Cat-Themed Coins', 'Solana Meme Coins', 'Solana Ecosystem', 'Meme']"
catwifbag,0.0,"['Cat-Themed Coins', 'Solana Meme Coins', 'Solana Ecosystem', 'Meme']"
catwifhat-3,0.0,"['Cat-Themed Coins', 'Solana Meme Coins', 'Solana Ecosystem', 'Meme']"
cave,195594.0,"['Gaming (GameFi)', 'NFT']"
caw-ceo,0.0,"['BNB Chain Ecosystem', 'Meme']"
centrifuge,362072124.0,"['Coinbase Ventures Portfolio', 'Real World Assets (RWA)']"
ceo,0.0,"['BNB Chain Ecosystem', 'Meme']"
cere-network,39465003.0,"['DePIN', 'Artificial Intelligence (AI)', 'Gaming (GameFi)', 'SocialFi', 'Storage', 'Polkadot Ecosystem', 'DaoMaker Ecosystem', 'Ethereum Ecosystem']"
chad-coin,1178515.0,"['Meme', 'Ethereum Ecosystem']"
chaincade,0.0,"['Gaming (GameFi)', 'NFT', 'Metaverse', 'BNB Chain Ecosystem', 'Play To Earn']"
chain-games,5009120.0,"['Entertainment', 'Gaming (GameFi)', 'BNB Chain Ecosystem', 'Play To Earn', 'Polygon Ecosystem', 'Ethereum Ecosystem']"
chaingpt,104720203.0,"['Telegram Apps', 'ChainGPT Pad', 'Discord Bots', 'Poolz Finance Launchpad', 'Artificial Intelligence (AI)', 'Smart Contract Platform', 'Decentralized Finance (DeFi)', 'Analytics', 'NFT', 'BNB Chain Ecosystem', 'Launchpad', 'Ethereum Ecosystem']"
chain-guardians,4760765.0,"['Gaming (GameFi)', 'NFT', 'BNB Chain Ecosystem', 'Play To Earn', 'Polygon Ecosystem', 'Ethereum Ecosystem']"
chain-of-legends,252587.0,"['Entertainment', 'Gaming (GameFi)', 'Governance', 'NFT', 'BNB Chain Ecosystem', 'Play To Earn']"
champignons-of-arborethia,5424422.0,"['Gaming (GameFi)', 'Play To Earn', 'Ethereum Ecosystem']"
chappyz,7757083.0,"['Telegram Apps', 'ChainGPT Pad', 'Discord Bots', 'Poolz Finance Launchpad', 'Artificial Intelligence (AI)', 'SocialFi', 'NFT', 'BNB Chain Ecosystem']"
checkdot,3942834.0,"['Artificial Intelligence (AI)', 'Cybersecurity', 'Decentralized Finance (DeFi)', 'Insurance', 'BNB Chain Ecosystem', 'Solana Ecosystem', 'Arbitrum Ecosystem', 'Polygon Ecosystem', 'Avalanche Ecosystem', 'Ethereum Ecosystem', 'Aptos Ecosystem']"
cheems,7800757.0,"['Dog-Themed Coins', 'Solana Meme Coins', 'Solana Ecosystem', 'Meme']"
cheems-inu-new,1063887.0,"['BNB Chain Ecosystem', 'Meme', 'Avalanche Ecosystem', 'Ethereum Ecosystem']"
chex-token,285062308.0,"['Decentralized Exchange (DEX)', 'BNB Chain Ecosystem', 'Solana Ecosystem', 'Ethereum Ecosystem', 'Real World Assets (RWA)']"
chief-troll-officer,0.0,"['Elon Musk-Inspired Coins', 'Meme', 'Ethereum Ecosystem']"
chihuahua,0.0,"['BNB Chain Ecosystem', 'Meme']"
chihuahua-token,12213206.0,"['Osmosis Ecosystem', 'Dog-Themed Coins', 'Cosmos Ecosystem', 'Meme', 'Layer 1 (L1)']"
chili,0.0,"['Solana Ecosystem', 'Meme']"
chillpill,0.0,"['NFT', 'Fantom Ecosystem', 'Meme']"
chimaera,3907409.0,"['Entertainment', 'Gaming (GameFi)', 'Polkadot Ecosystem', 'BNB Chain Ecosystem', 'Play To Earn', 'Polygon Ecosystem']"
chirpley,10380593.0,"['Artificial Intelligence (AI)', 'SocialFi', 'BNB Chain Ecosystem', 'Ethereum Ecosystem']"
chonk-the-cat,0.0,"['Cat-Themed Coins', 'BNB Chain Ecosystem', 'Meme']"
chonky,0.0,"['Solana Ecosystem', 'Meme']"
choppy,0.0,"['Dog-Themed Coins', 'Meme', 'Ethereum Ecosystem']"
chromaway,239630904.0,"['Modular Blockchain', 'Chromia Ecosystem', 'Gaming (GameFi)', 'Smart Contract Platform', 'NFT', 'Metaverse', 'BNB Chain Ecosystem', 'Layer 1 (L1)', 'Ethereum Ecosystem']"
chronicle,826329.0,"['Gaming (GameFi)', 'NFT', 'BNB Chain Ecosystem', 'DaoMaker Ecosystem', 'Near Protocol Ecosystem', 'Ethereum Ecosystem']"
cindicator,1408004.0,"['Artificial Intelligence (AI)', 'Ethereum Ecosystem']"
clearpool,76350405.0,"['DaoMaker Ecosystem', 'Ethereum Ecosystem', 'Real World Assets (RWA)']"
clore-ai,62140290.0,['Artificial Intelligence (AI)']
clown-pepe,0.0,"['Meme', 'Ethereum Ecosystem']"
cocktailbar,2344644.0,"['Gaming (GameFi)', 'NFT', 'Metaverse', 'Play To Earn', 'Ethereum Ecosystem']"
cocos-bcx,45006987.0,"['Gaming Blockchains', 'Entertainment', 'Gaming (GameFi)', 'NFT', 'BNB Chain Ecosystem', 'Ethereum Ecosystem', 'Layer 2 (L2)']"
coinye-west,9713659.0,"['Parody Meme Coins', 'Base Meme Coins', 'Base Ecosystem', 'Meme']"
commune-ai,56506530.0,"['Artificial Intelligence (AI)', 'Ethereum Ecosystem']"
comtech-gold,10825310.0,"['Tokenized Gold', 'XDC Ecosystem', 'Real World Assets (RWA)']"
conan-2,0.0,"['Meme', 'Ethereum Ecosystem']"
cope-coin,0.0,"['Meme', 'Ethereum Ecosystem']"
coq-inu,165448693.0,"['Meme', 'Avalanche Ecosystem']"
corgiai,599659367.0,"['Dog-Themed Coins', 'AI Meme Coins', 'Solana Ecosystem', 'Meme', 'Ethereum Ecosystem', 'Cronos Ecosystem']"
corgicoin,993291.0,"['Dog-Themed Coins', 'BNB Chain Ecosystem', 'Meme']"
cornucopias,53179595.0,"['Gaming Utility Token', 'Gaming Governance Token', 'Gaming (GameFi)', 'Base Ecosystem', 'BNB Chain Ecosystem', 'Cardano Ecosystem', 'Play To Earn', 'Ethereum Ecosystem']"
coshi-inu,0.0,"['Meme', 'Ethereum Ecosystem']"
costco-hot-dog,0.0,"['Solana Meme Coins', 'Solana Ecosystem', 'Meme']"
covalent,146010386.0,"['DePIN', 'Business Services', 'Big Data', 'Data Availability', 'Coinbase Ventures Portfolio', 'Business Platform', 'Artificial Intelligence (AI)', 'Infrastructure', 'Governance', 'Decentralized Finance (DeFi)', 'Analytics', 'Polkadot Ecosystem', 'BNB Chain Ecosystem', 'Near Protocol Ecosystem', 'Polygon Ecosystem', 'Avalanche Ecosystem', 'Ethereum Ecosystem', 'Edgeware Ecosystem']"
crabada,261199.0,"['Gaming (GameFi)', 'NFT', 'Play To Earn', 'Avalanche Ecosystem']"
cramer-coin,503769.0,"['Meme', 'Ethereum Ecosystem']"
credefi,21994900.0,"['BNB Chain Ecosystem', 'Ethereum Ecosystem', 'Real World Assets (RWA)']"
creditcoin-2,205108227.0,"['Proof of Stake (PoS)', 'DWF Labs Portfolio', 'Ethereum Ecosystem', 'Real World Assets (RWA)']"
crob-mob,0.0,"['Meme', 'Cronos Ecosystem']"
croc-cat,0.0,"['Cat-Themed Coins', 'Solana Meme Coins', 'Solana Ecosystem', 'Meme']"
crochet-world,0.0,"['Solana Meme Coins', 'Solana Ecosystem', 'Meme']"
crown-by-third-time-games,152215508.0,"['Animal Racing', 'Sports Games', 'Gaming (GameFi)', 'Solana Ecosystem']"
crowns,2421632.0,"['Gaming (GameFi)', 'NFT', 'BNB Chain Ecosystem', 'DaoMaker Ecosystem', 'Play To Earn', 'Ethereum Ecosystem']"
crunchcat,0.0,"['Cat-Themed Coins', 'Solana Meme Coins', 'Solana Ecosystem', 'Meme']"
crusaders-of-crypto,73911.0,"['Gaming (GameFi)', 'NFT', 'BNB Chain Ecosystem', 'Play To Earn']"
cryowar-token,5238478.0,"['Gaming (GameFi)', 'Solana Ecosystem']"
cryptoai,0.0,"['Artificial Intelligence (AI)', 'Ethereum Ecosystem']"
cryptoblades,581487.0,"['RPG', 'Gaming (GameFi)', 'NFT', 'BNB Chain Ecosystem', 'Play To Earn', 'Polygon Ecosystem', 'OEC Ecosystem']"
cryptoblades-kingdoms,0.0,"['Gaming (GameFi)', 'BNB Chain Ecosystem']"
cryptofranc,2018470.0,"['Ethereum Ecosystem', 'Real World Assets (RWA)']"
crypto-gladiator-shards,11682435.0,"['RPG', 'Gaming (GameFi)', 'Play To Earn', 'Polygon Ecosystem']"
cryptogpt-token,10508118.0,"['DWF Labs Portfolio', 'Rollup', 'Artificial Intelligence (AI)', 'BNB Chain Ecosystem', 'DaoMaker Ecosystem', 'Ethereum Ecosystem', 'Layer 2 (L2)']"
cryptomeda,158391.0,"['Gaming (GameFi)', 'NFT', 'Play To Earn', 'Polygon Ecosystem', 'Collectibles', 'Ethereum Ecosystem']"
cryptomines-eternal,0.0,"['Gaming (GameFi)', 'BNB Chain Ecosystem', 'Play To Earn']"
crypto-raiders,337465.0,"['RPG', 'Gaming (GameFi)', 'Play To Earn', 'Polygon Ecosystem']"
crypto-real-estate,0.0,"['Ethereum Ecosystem', 'Real World Assets (RWA)']"
cryptotanks,432245.0,"['Gaming (GameFi)', 'NFT', 'BNB Chain Ecosystem', 'Play To Earn']"
cryptotwitter,0.0,"['Meme', 'Ethereum Ecosystem']"
crypto-valleys-yield-token,0.0,"['Blast Ecosystem', 'Gaming (GameFi)']"
cryptozoon,779700.0,"['Gaming (GameFi)', 'NFT', 'BNB Chain Ecosystem', 'Play To Earn']"
cudos,120784461.0,"['DePIN', 'DWF Labs Portfolio', 'Artificial Intelligence (AI)', 'Smart Contract Platform', 'Cosmos Ecosystem', 'Layer 1 (L1)', 'Ethereum Ecosystem']"
cumrocket,9710871.0,"['BNB Chain Ecosystem', 'Meme']"
curio-governance,3986332.0,"['Decentralized Exchange (DEX)', 'Governance', 'BNB Chain Ecosystem', 'Ethereum Ecosystem', 'NFT Marketplace', 'Real World Assets (RWA)']"
czolana,0.0,"['Solana Meme Coins', 'Solana Ecosystem', 'Meme']"
dacat,1301856.0,"['Cat-Themed Coins', 'Meme', 'Ethereum Ecosystem']"
dalma-inu,0.0,"['BNB Chain Ecosystem', 'Meme']"
dark-energy-crystals,0.0,"['Gaming (GameFi)', 'NFT', 'BNB Chain Ecosystem', 'Play To Earn', 'Collectibles', 'Ethereum Ecosystem']"
dark-frontiers,5686292.0,"['RPG', 'Gaming (GameFi)', 'NFT', 'Metaverse', 'BNB Chain Ecosystem', 'Play To Earn']"
deapcoin,46045415.0,"['Entertainment', 'Gaming (GameFi)', 'NFT', 'BNB Chain Ecosystem', 'Solana Ecosystem', 'Play To Earn', 'Avalanche Ecosystem', 'Ethereum Ecosystem']"
decats,163560.0,"['NFT', 'Meme', 'Polygon Ecosystem']"
decentral-games,22954557.0,"['Gambling', 'Gaming (GameFi)', 'NFT', 'Metaverse', 'Play To Earn', 'Polygon Ecosystem', 'Ethereum Ecosystem']"
decentral-games-ice,391274.0,"['Gaming (GameFi)', 'NFT', 'Metaverse', 'Play To Earn', 'Polygon Ecosystem']"
decentral-games-old,652515.0,"['Entertainment', 'Gambling', 'Gaming (GameFi)', 'NFT', 'Metaverse', 'BNB Chain Ecosystem', 'Play To Earn', 'Polygon Ecosystem', 'Ethereum Ecosystem']"
decentralized-etf,8758743.0,"['ETF', 'Decentralized Finance (DeFi)', 'Ethereum Ecosystem', 'Real World Assets (RWA)']"
decimated,11404917.0,"['Shooting Games', 'Gaming Utility Token', 'RPG', 'Gaming (GameFi)', 'Metaverse', 'Solana Ecosystem', 'Play To Earn']"
deepbrain-chain,11817411.0,['Artificial Intelligence (AI)']
deepfakeai,7821258.0,"['Telegram Apps', 'Artificial Intelligence (AI)', 'Ethereum Ecosystem']"
deepspace,2620441.0,"['Entertainment', 'Gaming (GameFi)', 'NFT', 'Metaverse', 'BNB Chain Ecosystem', 'Play To Earn', 'Ethereum Ecosystem']"
defactor,14682659.0,"['BNB Chain Ecosystem', 'Polygon Ecosystem', 'Ethereum Ecosystem', 'Real World Assets (RWA)']"
defichain,55803865.0,"['Smart Contract Platform', 'Decentralized Finance (DeFi)', 'BNB Chain Ecosystem', 'Ethereum Ecosystem', 'Real World Assets (RWA)']"
defi-kingdoms,16067672.0,"['Decentralized Exchange (DEX)', 'Gaming Utility Token', 'Gaming Governance Token', 'RPG', 'Gaming (GameFi)', 'Decentralized Finance (DeFi)', 'Exchange-based Tokens', 'Automated Market Maker (AMM)', 'Metaverse', 'Harmony Ecosystem', 'Play To Earn', 'Avalanche Ecosystem', 'Metis Ecosystem']"
defi-land,10525267.0,"['Gaming (GameFi)', 'Metaverse', 'Solana Ecosystem', 'Play To Earn']"
defitankland,0.0,"['Gaming (GameFi)', 'Arbitrum Ecosystem']"
defi-warrior,152308.0,"['Gaming (GameFi)', 'NFT', 'BNB Chain Ecosystem', 'Play To Earn']"
defrogs,3042307.0,"['ERC 404', 'Meme', 'Ethereum Ecosystem']"
degen-base,325510925.0,"['Layer 3 (L3)', 'Base Meme Coins', 'Farcaster Ecosystem', 'Base Ecosystem', 'Meme']"
dehub,5020885.0,"['Gaming (GameFi)', 'SocialFi', 'BNB Chain Ecosystem', 'Play To Earn', 'Ethereum Ecosystem']"
dejitaru-tsuka,28450175.0,"['Meme', 'Ethereum Ecosystem']"
delysium,172362269.0,"['Artificial Intelligence (AI)', 'BNB Chain Ecosystem', 'Ethereum Ecosystem']"
derace,26492581.0,"['Animal Racing', 'Gaming Utility Token', 'Gaming Governance Token', 'Gaming (GameFi)', 'NFT', 'BNB Chain Ecosystem', 'DaoMaker Ecosystem', 'Play To Earn', 'Polygon Ecosystem', 'Ethereum Ecosystem']"
derby-stars-run,3319085.0,"['Animal Racing', 'Gambling', 'Gaming (GameFi)', 'NFT', 'Metaverse', 'Play To Earn', 'Polygon Ecosystem']"
derp,0.0,"['Decentralized Exchange (DEX)', 'Base Ecosystem', 'Decentralized Finance (DeFi)', 'Launchpad', 'Meme', 'Ethereum Ecosystem', 'ZkSync Ecosystem']"
derp-coin,0.0,"['Meme', 'Ethereum Ecosystem']"
dexcheck,25394228.0,"['Telegram Apps', 'ChainGPT Pad', 'Poolz Finance Launchpad', 'Artificial Intelligence (AI)', 'Analytics', 'BNB Chain Ecosystem', 'Launchpad', 'Ethereum Ecosystem']"
dextf,13983403.0,"['Decentralized Finance (DeFi)', 'Asset Manager', 'Avalanche Ecosystem', 'Ethereum Ecosystem', 'ZkSync Ecosystem', 'Real World Assets (RWA)']"
dinari-aapl-dshares,,"['Arbitrum Ecosystem', 'Tokenized Stock', 'Real World Assets (RWA)']"
dinari-amzn-dshares,,"['Arbitrum Ecosystem', 'Tokenized Stock', 'Real World Assets (RWA)']"
dinari-dis-dshares,,"['Arbitrum Ecosystem', 'Real World Assets (RWA)']"
dinari-googl-dshares,,"['Arbitrum Ecosystem', 'Tokenized Stock', 'Real World Assets (RWA)']"
dinari-meta-dshare,,"['Arbitrum Ecosystem', 'Tokenized Stock', 'Real World Assets (RWA)']"
dinari-msft-dshares,,"['Arbitrum Ecosystem', 'Tokenized Stock', 'Real World Assets (RWA)']"
dinari-nflx-dshares,,"['Arbitrum Ecosystem', 'Tokenized Stock', 'Real World Assets (RWA)']"
dinari-nvda-dshares,,"['Arbitrum Ecosystem', 'Tokenized Stock', 'Real World Assets (RWA)']"
dinari-pfe-dshares,,"['Arbitrum Ecosystem', 'Real World Assets (RWA)']"
dinari-pypl-dshares,,"['Arbitrum Ecosystem', 'Tokenized Stock', 'Real World Assets (RWA)']"
dinari-spy-dshares,,"['Arbitrum Ecosystem', 'Tokenized Stock', 'Real World Assets (RWA)']"
dinari-tsla-dshares,,"['Arbitrum Ecosystem', 'Real World Assets (RWA)']"
dinari-usfr-dshares,,"['Arbitrum Ecosystem', 'Real World Assets (RWA)']"
dingocoin,1609920.0,"['Dog-Themed Coins', 'Proof of Work (PoW)', 'BNB Chain Ecosystem', 'Solana Ecosystem', 'Meme']"
dinolfg,4893868.0,"['Meme', 'Ethereum Ecosystem', 'PulseChain Ecosystem']"
dinox,823731.0,"['Gaming (GameFi)', 'NFT', 'BNB Chain Ecosystem', 'DaoMaker Ecosystem', 'Play To Earn', 'Polygon Ecosystem', 'Ethereum Ecosystem']"
dogami,6131248.0,"['Dog-Themed Coins', 'Animal Racing', 'Gaming (GameFi)', 'NFT', 'Play To Earn', 'Polygon Ecosystem', 'Tezos Ecosystem']"
doge-2-0,0.0,"['Meme', 'Ethereum Ecosystem']"
dogebonk,4985551.0,"['Dog-Themed Coins', 'Analytics', 'BNB Chain Ecosystem', 'Meme']"
dogebonk-eth,0.0,"['Meme', 'Ethereum Ecosystem']"
doge-ceo,0.0,"['BNB Chain Ecosystem', 'Meme']"
dogeceomeme,0.0,"['BNB Chain Ecosystem', 'Meme']"
dogecoin,21586153785.0,"['Dog-Themed Coins', 'Cryptocurrency', 'Elon Musk-Inspired Coins', 'Proof of Work (PoW)', 'BNB Chain Ecosystem', 'Meme']"
doge-eat-doge,45108191.0,"['Dog-Themed Coins', 'Meme']"
dogegf,5291845.0,"['Base Ecosystem', 'Meme', 'Polygon Ecosystem', 'Ethereum Ecosystem']"
doge-inu,0.0,"['Dog-Themed Coins', 'Meme']"
doge-kaki,0.0,"['BNB Chain Ecosystem', 'Meme']"
dogelana,0.0,"['Solana Ecosystem', 'Meme']"
dogelon-mars,108033205.0,"['Dog-Themed Coins', 'Elon Musk-Inspired Coins', 'BNB Chain Ecosystem', 'Solana Ecosystem', 'Meme', 'Polygon Ecosystem', 'Ethereum Ecosystem', 'Cronos Ecosystem']"
dogemon-go,565573.0,"['Gaming (GameFi)', 'Solana Ecosystem', 'Play To Earn']"
doggy,0.0,"['Gaming (GameFi)', 'NFT']"
doginme,26300786.0,"['Dog-Themed Coins', 'Base Meme Coins', 'Farcaster Ecosystem', 'Base Ecosystem', 'Meme']"
doginthpool,0.0,"['Dog-Themed Coins', 'Solana Meme Coins', 'Solana Ecosystem', 'Meme']"
dogira,91497.0,"['Gaming (GameFi)', 'Polygon Ecosystem', 'Ethereum Ecosystem']"
dogsofelon,13674.94,"['Elon Musk-Inspired Coins', 'Meme', 'Ethereum Ecosystem']"
dogwifcoin,2423801919.0,"['Dog-Themed Coins', 'Solana Meme Coins', 'Solana Ecosystem', 'Meme']"
dogwifhood,6105007.0,"['TON Meme Coins', 'TON Ecosystem', 'Meme']"
dog-wif-nuchucks,0.0,"['Dog-Themed Coins', 'Injective Ecosystem', 'Cosmos Ecosystem', 'Meme']"
doke-inu,0.0,"['Meme', 'Ethereum Ecosystem']"
domi,12423214.0,"['Gaming Utility Token', 'Gaming Governance Token', 'RPG', 'Gaming (GameFi)', 'BNB Chain Ecosystem', 'Avalanche Ecosystem', 'Ethereum Ecosystem']"
donald-tremp,0.0,"['Parody Meme Coins', 'PolitiFi', 'Solana Meme Coins', 'Solana Ecosystem', 'Meme']"
dongcoin,0.0,"['Meme', 'Ethereum Ecosystem']"
donkey,0.0,"['NFT', 'BNB Chain Ecosystem', 'Meme']"
don-t-buy-inu,2513664.0,"['Meme', 'Ethereum Ecosystem']"
dope-wars-paper,5523727.0,"['Gaming (GameFi)', 'Governance', 'NFT', 'BNB Chain Ecosystem', 'Play To Earn', 'Ethereum Ecosystem', 'Optimism Ecosystem']"
dose-token,8881117.0,"['Gaming (GameFi)', 'BNB Chain Ecosystem', 'Play To Earn', 'Polygon Ecosystem', 'Ethereum Ecosystem', 'Move To Earn']"
dotmoovs,5683732.0,"['Artificial Intelligence (AI)', 'Gaming (GameFi)', 'Sports', 'BNB Chain Ecosystem', 'Polygon Ecosystem', 'Ethereum Ecosystem', 'Move To Earn']"
doug,37010.0,"['Meme', 'Ethereum Ecosystem']"
dovu-2,16016836.0,"['Hedera Ecosystem', 'Ethereum Ecosystem', 'Regenerative Finance (ReFi)', 'Real World Assets (RWA)']"
draggable-aktionariat-ag,0.0,"['Ethereum Ecosystem', 'Real World Assets (RWA)']"
dragon-crypto-aurum,594734.0,"['Gaming (GameFi)', 'NFT', 'Play To Earn', 'Avalanche Ecosystem']"
dream-machine-token,34816362.0,"['Layer 3 (L3)', 'Entertainment', 'Gaming (GameFi)', 'SocialFi', 'Arbitrum Ecosystem', 'Ethereum Ecosystem']"
dreams-quest,0.0,"['DWF Labs Portfolio', 'Entertainment', 'Gaming (GameFi)', 'NFT', 'Metaverse', 'BNB Chain Ecosystem', 'Play To Earn']"
drunk-robots,24665620.0,"['Shooting Games', 'Gaming (GameFi)', 'BNB Chain Ecosystem', 'Polygon Ecosystem']"
dtravel,18636895.0,"['DePIN', 'Artificial Intelligence (AI)', 'Tourism', 'BNB Chain Ecosystem', 'Ethereum Ecosystem', 'Real World Assets (RWA)']"
dub-duck,0.0,"['Duck-Themed Coins', 'Solana Meme Coins', 'Solana Ecosystem', 'Meme']"
duckereum,300369.0,"['Meme', 'Ethereum Ecosystem']"
ducks,0.0,"['Meme', 'Ethereum Ecosystem']"
duel-network-2,0.0,"['Gaming (GameFi)', 'Sports', 'NFT', 'BNB Chain Ecosystem', 'Polygon Ecosystem']"
dusk-network,156010542.0,"['Privacy Coins', 'Smart Contract Platform', 'Layer 1 (L1)', 'Ethereum Ecosystem', 'Zero Knowledge (ZK)', 'Real World Assets (RWA)']"
dynex,50468572.0,"['Decentralized Science (DeSci)', 'DePIN', 'Artificial Intelligence (AI)', 'Layer 1 (L1)']"
dyor-token-2,182601.0,"['Meme', 'Ethereum Ecosystem']"
dypius,7660904.0,"['Gaming (GameFi)', 'Governance', 'Decentralized Finance (DeFi)', 'NFT', 'Yield Farming', 'Metaverse', 'BNB Chain Ecosystem', 'Avalanche Ecosystem', 'Ethereum Ecosystem']"
ebisusbay-fortune,1194071.0,"['Gaming (GameFi)', 'Governance', 'SocialFi', 'NFT', 'Play To Earn', 'Cronos Ecosystem', 'NFT Marketplace']"
echelon-prime,685133529.0,"['AI-Themed Coins', 'Gaming Utility Token', 'Paradigm Portfolio', 'Card Games', 'Gaming (GameFi)', 'Base Ecosystem', 'Ethereum Ecosystem']"
eddaswap,161102.0,"['Gaming (GameFi)', 'Decentralized Finance (DeFi)', 'NFT', 'Metaverse', 'Polygon Ecosystem', 'Ethereum Ecosystem']"
edge-matrix-computing,0.0,"['DePIN', 'Artificial Intelligence (AI)', 'Arbitrum Ecosystem']"
eeyor,0.0,"['Solana Ecosystem', 'Meme', 'Ethereum Ecosystem']"
eggdog,2371176.0,"['Dog-Themed Coins', 'Solana Meme Coins', 'Solana Ecosystem', 'Meme']"
eldarune,1820294.0,"['Gaming Utility Token', 'Gaming Governance Token', 'Card Games', 'Adventure Games', 'Gaming (GameFi)', 'NFT', 'BNB Chain Ecosystem', 'Play To Earn']"
elemental-story,0.0,"['Gaming (GameFi)', 'BNB Chain Ecosystem']"
el-gato,0.0,"['Cat-Themed Coins', 'Solana Meme Coins', 'Solana Ecosystem', 'Meme']"
el-hippo,3019201.0,"['Meme', 'Ethereum Ecosystem']"
elizabath-whoren,0.0,"['Parody Meme Coins', 'Solana Meme Coins', 'Solana Ecosystem', 'Meme']"
ellerium,0.0,"['Gaming (GameFi)', 'Arbitrum Ecosystem']"
elmoerc,1750869.0,"['Meme', 'Ethereum Ecosystem']"
elon-doge-token,1419202.0,"['Elon Musk-Inspired Coins', 'BNB Chain Ecosystem', 'Meme']"
elon-xmas,69247.0,"['Elon Musk-Inspired Coins', 'Meme', 'Ethereum Ecosystem']"
empowa,3197441.0,"['Cardano Ecosystem', 'Real World Assets (RWA)']"
endless-battlefield,0.0,"['Gaming (GameFi)', 'BNB Chain Ecosystem']"
enjincoin,438856562.0,"['Gaming Blockchains', 'Entertainment', 'Gaming (GameFi)', 'NFT', 'Metaverse', 'Harmony Ecosystem', 'Layer 1 (L1)', 'Ethereum Ecosystem']"
enjoy,0.0,"['Farcaster Ecosystem', 'Meme']"
epiko,1063934.0,"['Gaming (GameFi)', 'NFT', 'Ethereum Ecosystem']"
epik-protocol,1657965.0,"['DWF Labs Portfolio', 'Artificial Intelligence (AI)', 'Ethereum Ecosystem']"
epoch-island,4121124.0,"['Base Ecosystem', 'Arbitrum Ecosystem', 'Ethereum Ecosystem', 'Real World Assets (RWA)']"
etherland,4106619.0,"['NFT', 'BNB Chain Ecosystem', 'Polygon Ecosystem', 'Ethereum Ecosystem', 'Real World Assets (RWA)']"
ethermon,208006.0,"['Gaming (GameFi)', 'Metaverse', 'Play To Earn', 'Polygon Ecosystem', 'Ethereum Ecosystem']"
ethforestai,44943.0,"['Artificial Intelligence (AI)', 'Arbitrum Ecosystem']"
eve-ai,6293069.0,"['Telegram Apps', 'Artificial Intelligence (AI)', 'Ethereum Ecosystem']"
everdome,10112580.0,"['Entertainment', 'Gaming (GameFi)', 'NFT', 'Metaverse', 'BNB Chain Ecosystem', 'Play To Earn']"
everid,12293710.0,"['Finance / Banking', 'Business Platform', 'Governance', 'Decentralized Finance (DeFi)', 'BNB Chain Ecosystem', 'Wallets', 'Polygon Ecosystem', 'Ethereum Ecosystem', 'Identity', 'Zero Knowledge (ZK)', 'Real World Assets (RWA)']"
everipedia,149180555.0,"['Big Data', 'Artificial Intelligence (AI)', 'Media', 'BNB Chain Ecosystem', 'Polygon Ecosystem', 'Ethereum Ecosystem']"
evil-pepe,0.0,"['Meme', 'Ethereum Ecosystem']"
exeedme,3689497.0,"['Gambling', 'Gaming (GameFi)', 'NFT', 'Polkadot Ecosystem', 'BNB Chain Ecosystem', 'Play To Earn', 'Polygon Ecosystem', 'Ethereum Ecosystem']"
exosama-network,8342965.0,"['Gaming (GameFi)', 'NFT', 'Metaverse', 'Ethereum Ecosystem']"
fable-of-the-dragon,1065550.0,"['NFT', 'Meme', 'Ethereum Ecosystem']"
fabwelt,2588491.0,"['Gaming (GameFi)', 'BNB Chain Ecosystem', 'Polygon Ecosystem']"
fantom-doge,0.0,"['Fantom Ecosystem', 'Meme']"
fantomsonicinu,0.0,"['Fantom Ecosystem', 'Meme']"
faraland,967094.0,"['RPG', 'Gaming (GameFi)', 'NFT', 'BNB Chain Ecosystem']"
fat-cat,0.0,"['BNB Chain Ecosystem', 'Meme']"
fathom-protocol,0.0,['Real World Assets (RWA)']
fear,2151447.0,"['Gaming (GameFi)', 'NFT', 'BNB Chain Ecosystem', 'Fantom Ecosystem', 'DaoMaker Ecosystem', 'Play To Earn', 'Polygon Ecosystem', 'Ethereum Ecosystem']"
feisty-doge-nft,17169628.0,"['Dog-Themed Coins', 'NFT', 'Meme', 'Fractionalized NFT', 'Ethereum Ecosystem']"
fetch-ai,1981928035.0,"['Osmosis Ecosystem', 'Binance Launchpad', 'DWF Labs Portfolio', 'Cryptocurrency', 'Artificial Intelligence (AI)', 'AI Agents', 'NFT', 'Cosmos Ecosystem', 'BNB Chain Ecosystem', 'Ethereum Ecosystem']"
firestarter,5816389.0,"['Gaming (GameFi)', 'Decentralized Finance (DeFi)', 'Play To Earn', 'Polygon Ecosystem']"
fish-crypto,0.0,"['Gaming (GameFi)', 'BNB Chain Ecosystem']"
floki,1285939003.0,"['Dog-Themed Coins', 'DWF Labs Portfolio', 'Gaming (GameFi)', 'NFT', 'Metaverse', 'BNB Chain Ecosystem', 'Meme', 'Ethereum Ecosystem']"
floki-cash,0.0,"['BNB Chain Ecosystem', 'Meme']"
floki-ceo,0.0,"['BNB Chain Ecosystem', 'Meme']"
flokidash,0.0,"['BNB Chain Ecosystem', 'Meme']"
flokifork,7519071.0,"['Meme', 'Ethereum Ecosystem']"
flokita,1701005.0,"['Dog-Themed Coins', 'BNB Chain Ecosystem', 'Meme']"
floor-cheese-burger,0.0,"['Meme', 'Ethereum Ecosystem']"
florence-finance-medici,5090715.0,"['Base Ecosystem', 'Arbitrum Ecosystem', 'Real World Assets (RWA)']"
flying-avocado-cat,0.0,"['AI Meme Coins', 'Meme', 'Ethereum Ecosystem']"
fomo-bull-club,0.0,"['Base Meme Coins', 'Base Ecosystem', 'Meme', 'Launchpad']"
fonzy,0.0,"['Meme', 'Ethereum Ecosystem']"
forest-knight,797050.0,"['Gaming (GameFi)', 'Play To Earn', 'Polygon Ecosystem']"
forever-shiba,0.0,"['Meme', 'Ethereum Ecosystem']"
formula-inu,0.0,"['Meme', 'Ethereum Ecosystem']"
forta,73545672.0,"['Coinbase Ventures Portfolio', 'Artificial Intelligence (AI)', 'Cybersecurity', 'Polygon Ecosystem', 'Ethereum Ecosystem']"
fourcoin,1014764.0,"['Meme', 'Ethereum Ecosystem']"
foxy,0.0,"['Linea Ecosystem', 'Meme']"
frog-ceo,0.0,"['BNB Chain Ecosystem', 'Meme']"
froggies-token-2,275638.0,"['BNB Chain Ecosystem', 'Meme', 'Play To Earn']"
frok-ai,9795011.0,"['Artificial Intelligence (AI)', 'Base Ecosystem']"
funny-coin,0.0,"['Meme', 'Arbitrum Ecosystem']"
gala,1483271039.0,"['DWF Labs Portfolio', 'Gaming Platform', 'Gaming (GameFi)', 'NFT', 'Layer 1 (L1)', 'Play To Earn', 'Ethereum Ecosystem']"
galaxy-fight-club,897838.0,"['Gaming (GameFi)', 'Polygon Ecosystem']"
gamecredits,0.0,"['Software', 'Gaming (GameFi)', 'Proof of Work (PoW)', 'NFT', 'Ethereum Ecosystem']"
gamee,10847620.0,"['Telegram Apps', 'Gaming Platform', 'Gaming (GameFi)', 'TON Ecosystem', 'NFT', 'BNB Chain Ecosystem', 'Play To Earn', 'Polygon Ecosystem', 'Ethereum Ecosystem']"
gamer,0.0,"['Gaming (GameFi)', 'Base Ecosystem', 'BNB Chain Ecosystem']"
gamercoin,89477557.0,"['Infrastructure', 'Gaming (GameFi)', 'NFT', 'BNB Chain Ecosystem', 'Polygon Ecosystem', 'Ethereum Ecosystem']"
games-for-a-living,38775289.0,"['Gaming (GameFi)', 'NFT', 'BNB Chain Ecosystem', 'Play To Earn']"
gamespad,924302.0,"['Gaming (GameFi)', 'NFT', 'BNB Chain Ecosystem', 'Launchpad']"
gameswap-org,5921831.0,"['Decentralized Exchange (DEX)', 'Gaming (GameFi)', 'Exchange-based Tokens', 'NFT', 'Yield Farming', 'Avalanche Ecosystem', 'Ethereum Ecosystem']"
gameswift,20325402.0,"['Gaming Platform', 'Modular Blockchain', 'Artificial Intelligence (AI)', 'Gaming (GameFi)', 'Arbitrum Ecosystem', 'Ethereum Ecosystem']"
gamium,39860671.0,"['Gaming Utility Token', 'Gaming Governance Token', 'Gaming (GameFi)', 'Metaverse', 'BNB Chain Ecosystem', 'DaoMaker Ecosystem', 'Ethereum Ecosystem']"
gamyfi-token,197987.0,"['Entertainment', 'Gaming (GameFi)', 'Governance', 'NFT', 'BNB Chain Ecosystem', 'Polygon Ecosystem', 'Ethereum Ecosystem']"
garbage,75662.0,"['Meme', 'Ethereum Ecosystem']"
garfield-bsc,0.0,"['BNB Chain Ecosystem', 'Meme']"
garlicoin,636205.0,"['Proof of Work (PoW)', 'BNB Chain Ecosystem', 'Meme', 'Ethereum Ecosystem']"
gateway-to-mars,240083.0,"['Elon Musk-Inspired Coins', 'Meme', 'Ethereum Ecosystem']"
gax-liquidity-token-reward,502273.0,"['Gaming (GameFi)', 'NFT', 'Metaverse', 'Polygon Ecosystem', 'Gotchiverse']"
generaitiv,1417078.0,"['Artificial Intelligence (AI)', 'NFT', 'Ethereum Ecosystem']"
genesis-worlds,98410.0,"['Gaming (GameFi)', 'Metaverse']"
genopet-ki,0.0,"['Gaming Utility Token', 'Gaming (GameFi)', 'Solana Ecosystem', 'Move To Earn']"
genopets,12112409.0,"['Gaming Governance Token', 'RPG', 'Gaming (GameFi)', 'NFT', 'BNB Chain Ecosystem', 'Solana Ecosystem', 'Play To Earn', 'Move To Earn']"
gensokishis-metaverse,7501186.0,"['DWF Labs Portfolio', 'Gaming (GameFi)', 'Metaverse', 'Polygon Ecosystem', 'Ethereum Ecosystem']"
gg-token,465423.0,"['Gaming (GameFi)', 'Polygon Ecosystem', 'Ethereum Ecosystem']"
gigachad-2,9700024.0,"['Solana Meme Coins', 'Solana Ecosystem', 'Meme']"
gilgeous,0.0,"['Meme', 'Ethereum Ecosystem']"
gmeow-cat,250115.0,"['Cat-Themed Coins', 'Solana Meme Coins', 'Solana Ecosystem', 'Meme']"
gny,3585165.0,"['Artificial Intelligence (AI)', 'Ethereum Ecosystem']"
gods-unchained,60280500.0,"['Gaming Governance Token', 'Card Games', 'Gaming (GameFi)', 'NFT', 'Play To Earn', 'Ethereum Ecosystem']"
golden-inu-token,1280198.0,"['Meme', 'Ethereum Ecosystem']"
goldfinch,254213006.0,"['Coinbase Ventures Portfolio', 'Decentralized Finance (DeFi)', 'Lending/Borrowing', 'Ethereum Ecosystem', 'Real World Assets (RWA)']"
golem,347160355.0,"['DePIN', 'Business Platform', 'Artificial Intelligence (AI)', 'Polygon Ecosystem', 'Ethereum Ecosystem']"
gone,0.0,"['Meme', 'Polygon Ecosystem']"
good-games-guild,3363390.0,"['BNB Chain Ecosystem', 'Play To Earn', 'Gaming (GameFi)', 'Guild and Scholarship']"
goodmeme,0.0,"['Ethereum Ecosystem', 'Meme']"
good-old-fashioned-un-registered-security,0.0,"['Degen Ecosystem', 'Meme']"
goons-of-balatroon,1380314.0,"['NFT', 'Gaming (GameFi)', 'Arbitrum Ecosystem', 'Polygon Ecosystem', 'Ethereum Ecosystem']"
gourmetgalaxy,32027.0,"['Ethereum Ecosystem', 'Gaming (GameFi)', 'NFT', 'Polkadot Ecosystem']"
gpt-protocol,0.0,"['Artificial Intelligence (AI)', 'Ethereum Ecosystem']"
gpu-inu,0.0,"['AI Meme Coins', 'Solana Meme Coins', 'Meme', 'Solana Ecosystem']"
graphlinq-protocol,29133982.0,"['Artificial Intelligence (AI)', 'Ethereum Ecosystem', 'Polygon Ecosystem', 'Infrastructure', 'Business Services', 'Analytics']"
green-satoshi-token,38147989.0,"['Gaming Utility Token', 'BNB Chain Ecosystem', 'NFT', 'Gaming (GameFi)', 'Play To Earn', 'Move To Earn', 'Solana Ecosystem']"
green-satoshi-token-bsc,2472407.0,"['Gaming Utility Token', 'BNB Chain Ecosystem', 'NFT', 'Gaming (GameFi)', 'Play To Earn', 'Move To Earn', 'Solana Ecosystem']"
green-satoshi-token-on-eth,2214823.0,"['Gaming Utility Token', 'Move To Earn', 'BNB Chain Ecosystem', 'Gaming (GameFi)', 'NFT', 'Play To Earn', 'Solana Ecosystem']"
green-shiba-inu,0.0,"['Meme', 'BNB Chain Ecosystem']"
grok1-5,0.0,"['Elon Musk-Inspired Coins', 'Meme', 'Ethereum Ecosystem']"
grok-2,53823422.0,"['AI Meme Coins', 'Meme', 'Elon Musk-Inspired Coins', 'Ethereum Ecosystem']"
gt-protocol,17109176.0,"['Artificial Intelligence (AI)', 'BNB Chain Ecosystem']"
guacamole,25268111.0,"['Meme', 'Solana Meme Coins', 'Solana Ecosystem']"
guildfi,180357888.0,"['Coinbase Ventures Portfolio', 'DWF Labs Portfolio', 'Ethereum Ecosystem', 'Guild and Scholarship', 'Play To Earn', 'Gaming (GameFi)']"
guild-of-guardians,160572558.0,"['Gaming Utility Token', 'Gaming Governance Token', 'RPG', 'Ethereum Ecosystem', 'Gaming (GameFi)']"
hachi,0.0,"['Ethereum Ecosystem', 'Meme']"
haha,0.0,"['Meme', 'Ethereum Ecosystem']"
harambe,0.0,"['Meme', 'Ethereum Ecosystem', 'NFT', 'Fractionalized NFT']"
harambe-2,10669580.0,"['Solana Meme Coins', 'Meme', 'Solana Ecosystem']"
harold,0.0,"['Solana Meme Coins', 'Meme', 'Duck-Themed Coins', 'Solana Ecosystem']"
harrypotterobamasonic10in,65917872.0,"['Meme', 'Ethereum Ecosystem']"
harrypotterrussellsonic1inu,0.0,"['Meme', 'Ethereum Ecosystem']"
harrypottertrumphomersimpson777inu,1407572.0,"['Meme', 'Ethereum Ecosystem']"
hectic-turkey,0.0,"['Meme', 'BNB Chain Ecosystem']"
hello-labs,22297013.0,"['Entertainment', 'Play To Earn', 'Ethereum Ecosystem', 'Gaming (GameFi)', 'NFT', 'BNB Chain Ecosystem']"
hemule,9170652.0,"['Meme', 'Cat-Themed Coins', 'Ethereum Ecosystem']"
hera-finance,15627703.0,"['Ethereum Ecosystem', 'Artificial Intelligence (AI)', 'Interoperability', 'Decentralized Exchange (DEX)', 'Exchange-based Tokens', 'Decentralized Finance (DeFi)', 'Metis Ecosystem']"
hero-arena,0.0,"['BNB Chain Ecosystem', 'Play To Earn', 'NFT', 'Gaming (GameFi)']"
heroeschained,2586655.0,"['Metaverse', 'Play To Earn', 'NFT', 'Collectibles', 'Gaming (GameFi)', 'Avalanche Ecosystem']"
heroes-of-mavia,83783902.0,"['Base Ecosystem', 'Gaming Governance Token', 'Strategy Games', 'Gaming (GameFi)', 'Ethereum Ecosystem']"
hifi-finance,94629554.0,"['Real World Assets (RWA)', 'Governance', 'Lending/Borrowing', 'Decentralized Finance (DeFi)', 'Ethereum Ecosystem']"
higher,35248613.0,"['Base Meme Coins', 'Meme', 'Farcaster Ecosystem', 'Base Ecosystem']"
highnoon,0.0,"['Gaming (GameFi)', 'Ethereum Ecosystem']"
hodl-token,0.0,"['Decentralized Finance (DeFi)', 'NFT', 'Cryptocurrency', 'Gaming (GameFi)', 'BNB Chain Ecosystem', 'Meme']"
hoge-finance,9720203.0,"['Dog-Themed Coins', 'Ethereum Ecosystem', 'BNB Chain Ecosystem', 'Meme']"
hokkaido-inu,0.0,"['Base Ecosystem', 'NFT', 'Dog-Themed Coins', 'Meme', 'Ethereum Ecosystem']"
hold-vip,0.0,"['Arbitrum Ecosystem', 'Meme']"
honeyland-honey,18339527.0,"['Breeding', 'Gaming Utility Token', 'Strategy Games', 'Play To Earn', 'Gaming (GameFi)', 'Solana Ecosystem']"
hooked-protocol,128079375.0,"['Gaming Platform', 'Metaverse', 'Gaming (GameFi)', 'Binance Launchpad', 'BNB Chain Ecosystem']"
hoppyinu,0.0,"['BNB Chain Ecosystem', 'Meme', 'NFT']"
hosky,0.0,"['Dog-Themed Coins', 'Meme', 'Cardano Ecosystem']"
hot-doge,0.0,"['BNB Chain Ecosystem', 'Meme']"
huhu-cat,0.0,"['Merlin Chain Ecosystem', 'Meme', 'Cat-Themed Coins']"
humans-ai,148184041.0,"['Osmosis Ecosystem', 'Smart Contract Platform', 'Layer 1 (L1)', 'Cosmos Ecosystem', 'Artificial Intelligence (AI)', 'Ethereum Ecosystem']"
hundred,0.0,"['Meme', 'BNB Chain Ecosystem']"
hundred-eth,0.0,"['Meme', 'Ethereum Ecosystem']"
husky-avax,4211772.0,"['Dog-Themed Coins', 'BNB Chain Ecosystem', 'Meme', 'Avalanche Ecosystem']"
hypercycle,0.0,"['Artificial Intelligence (AI)', 'Poolz Finance Launchpad', 'BNB Chain Ecosystem', 'Ethereum Ecosystem']"
hypergpt,28835600.0,"['Poolz Finance Launchpad', 'Telegram Apps', 'TON Ecosystem', 'Artificial Intelligence (AI)', 'BNB Chain Ecosystem']"
hypra-inu,,['Meme']
hytopia,39709794.0,"['Arbitrum Ecosystem', 'Layer 2 (L2)', 'Gaming Utility Token', 'Gaming (GameFi)', 'Gaming Blockchains', 'RPG', 'Ethereum Ecosystem']"
ibithub,0.0,"['Gaming (GameFi)', 'Cryptocurrency']"
iexec-rlc,166010246.0,"['DePIN', 'Artificial Intelligence (AI)', 'Ethereum Ecosystem', 'Oracle']"
ignore-fud,63243.0,"['Ethereum Ecosystem', 'BNB Chain Ecosystem', 'Meme']"
illumicati,601186.0,"['Meme', 'Ethereum Ecosystem']"
illuvium,545852870.0,"['Adventure Games', 'Gaming Governance Token', 'RPG', 'Ethereum Ecosystem', 'Play To Earn', 'Metaverse', 'Gaming (GameFi)', 'NFT']"
imgnai,13104361.0,"['Artificial Intelligence (AI)', 'Ethereum Ecosystem']"
immutable-x,2594460821.0,"['Gaming Blockchains', 'Rollup', 'Coinbase Ventures Portfolio', 'Immutable Ecosystem', 'Zero Knowledge (ZK)', 'Layer 2 (L2)', 'Ethereum Ecosystem', 'Play To Earn', 'Gaming (GameFi)', 'NFT', 'Smart Contract Platform']"
imo,1851681.0,"['Real World Assets (RWA)', 'Real Estate', 'BNB Chain Ecosystem']"
inheritance-art,461996.0,"['Artificial Intelligence (AI)', 'Ethereum Ecosystem', 'BNB Chain Ecosystem']"
insightx,1061638.0,"['Artificial Intelligence (AI)', 'Ethereum Ecosystem']"
international-stable-currency,0.0,"['Real World Assets (RWA)', 'Solana Ecosystem']"
inu,532909.0,"['Ethereum Ecosystem', 'Meme', 'Dog-Themed Coins']"
inx-token-2,0.0,"['Real World Assets (RWA)', 'Ethereum Ecosystem']"
ioi-token,1221616.0,"['Ethereum Ecosystem', 'DaoMaker Ecosystem', 'Polygon Ecosystem', 'BNB Chain Ecosystem', 'Metaverse', 'Gaming (GameFi)', 'NFT']"
iotexshiba,0.0,"['Meme', 'IoTeX Ecosystem']"
iqeon,785380.0,"['Entertainment', 'Gaming (GameFi)', 'Ethereum Ecosystem']"
iq-protocol,7335893.0,"['Gaming (GameFi)', 'NFT', 'Polygon Ecosystem', 'Ethereum Ecosystem', 'NFT Marketplace']"
iron-titanium-token,0.0,"['Decentralized Finance (DeFi)', 'Lending/Borrowing', 'Meme', 'Polygon Ecosystem']"
ispolink,7397984.0,"['Manta Network Ecosystem', 'Artificial Intelligence (AI)', 'Gaming (GameFi)', 'BNB Chain Ecosystem', 'DaoMaker Ecosystem', 'Play To Earn', 'Polygon Ecosystem', 'Ethereum Ecosystem']"
ixo,3354063.0,"['Cosmos Ecosystem', 'Real World Assets (RWA)']"
ix-swap,77066965.0,"['DWF Labs Portfolio', 'Poolz Finance Launchpad', 'Polygon Ecosystem', 'Ethereum Ecosystem', 'Real World Assets (RWA)']"
ix-token,10706767.0,"['Gaming Utility Token', 'Strategy Games', 'Gaming Governance Token', 'Gaming (GameFi)', 'Play To Earn', 'Polygon Ecosystem']"
jackal-protocol,33741386.0,"['Osmosis Ecosystem', 'DePIN', 'Artificial Intelligence (AI)', 'Storage', 'Cosmos Ecosystem', 'Layer 1 (L1)']"
jackbot,0.0,"['Telegram Apps', 'Gaming (GameFi)', 'Ethereum Ecosystem']"
jason-eth,0.0,"['Parody Meme Coins', 'Meme', 'Ethereum Ecosystem']"
jeff,0.0,"['Meme', 'Ethereum Ecosystem']"
jeo-boden,413862893.0,"['Parody Meme Coins', 'PolitiFi', 'Solana Meme Coins', 'Solana Ecosystem', 'Meme']"
jerry-inu,0.0,"['BNB Chain Ecosystem', 'Meme']"
jesus-coin,12419099.0,"['Meme', 'Ethereum Ecosystem']"
joe-coin,1758089.0,"['Meme', 'Ethereum Ecosystem']"
joram-poowel,0.0,"['Parody Meme Coins', 'Solana Meme Coins', 'Solana Ecosystem', 'Meme']"
jugni,0.0,"['Cat-Themed Coins', 'Meme', 'Polygon Ecosystem']"
justanegg-2,0.0,"['Solana Meme Coins', 'Solana Ecosystem', 'Meme']"
kabosu-inu,0.0,"['Meme', 'Ethereum Ecosystem']"
kaby-arena,0.0,"['Gaming (GameFi)', 'NFT', 'BNB Chain Ecosystem', 'Play To Earn', 'Polygon Ecosystem']"
kangal,346384.0,"['Meme', 'Ethereum Ecosystem']"
kapital-dao,13600438.0,"['Hedera Ecosystem', 'Blast Ecosystem', 'Gaming (GameFi)', 'Arbitrum Ecosystem', 'Polygon Ecosystem', 'Ethereum Ecosystem']"
katana-inu,36570745.0,"['Gaming Utility Token', 'Gaming (GameFi)', 'Fighting Games', 'Metaverse', 'BNB Chain Ecosystem', 'Play To Earn', 'Ethereum Ecosystem']"
kawaii-islands,339894.0,"['Gaming (GameFi)', 'NFT', 'Play To Earn']"
kcal,455670.0,"['Gaming (GameFi)', 'Sports', 'Yield Farming', 'Play To Earn', 'Avalanche Ecosystem', 'Move To Earn', 'Step Network Ecosystem']"
kermit-cc0e2d66-4b46-4eaf-9f4e-5caa883d1c09,0.0,"['Meme', 'Ethereum Ecosystem']"
keyboard-cat-base,0.0,"['Base Meme Coins', 'Cat-Themed Coins', 'Base Ecosystem', 'Meme']"
kiba-inu,3151689.0,"['BNB Chain Ecosystem', 'Meme', 'Ethereum Ecosystem']"
kiboshib,3765265.0,"['Dog-Themed Coins', 'AI Meme Coins', 'Base Ecosystem', 'Meme', 'Arbitrum Ecosystem', 'Ethereum Ecosystem']"
kimbo,14592809.0,"['Dog-Themed Coins', 'Meme', 'Avalanche Ecosystem']"
king-2,619312.0,"['Solana Meme Coins', 'Solana Ecosystem', 'Meme', 'Ethereum Ecosystem']"
kingdomgame,0.0,"['Gaming (GameFi)', 'Ethereum Ecosystem']"
king-of-legends-2,15727056.0,"['Gaming Utility Token', 'Gaming Governance Token', 'Gaming (GameFi)', 'BNB Chain Ecosystem']"
kira-the-injective-cat,4487687.0,"['Cat-Themed Coins', 'Injective Ecosystem', 'Cosmos Ecosystem', 'Meme']"
kishu-inu,28726781.0,"['Dog-Themed Coins', 'Meme', 'Ethereum Ecosystem']"
kishu-ken,0.0,"['Kadena Ecosystem', 'Dog-Themed Coins', 'Meme']"
kitti,0.0,['Meme']
kitty-ai,0.0,"['Cat-Themed Coins', 'AI Meme Coins', 'Solana Ecosystem', 'Meme']"
kitty-coin-solana,139548.0,"['Solana Ecosystem', 'Meme']"
kitty-inu,2899096.0,"['Cat-Themed Coins', 'Gaming (GameFi)', 'NFT', 'Meme', 'Ethereum Ecosystem']"
kizuna,10763476.0,"['AI Meme Coins', 'Artificial Intelligence (AI)', 'Meme', 'Ethereum Ecosystem']"
kleekai,671127.0,"['Gaming (GameFi)', 'Play To Earn', 'Ethereum Ecosystem']"
klima-dao,21242418.0,"['Rebase Tokens', 'Ohm Fork', 'Polygon Ecosystem', 'Real World Assets (RWA)']"
knight-war-spirits,0.0,"['Gaming (GameFi)', 'BNB Chain Ecosystem']"
kompete,18276146.0,"['Shooting Games', 'Gaming Utility Token', 'Gaming (GameFi)', 'Base Ecosystem', 'Ethereum Ecosystem']"
kovin-segnocchi,0.0,"['Parody Meme Coins', 'Meme', 'Avalanche Ecosystem']"
krypto-fraxtal-chicken,0.0,['Meme']
kryptomon,7179920.0,"['Breeding', 'Gaming (GameFi)', 'BNB Chain Ecosystem', 'Play To Earn', 'Ethereum Ecosystem']"
kuma,299812.0,['Meme']
kuma-inu,898782.0,"['Yield Farming', 'Meme', 'Ethereum Ecosystem']"
kwai,6001693.0,"['Telegram Apps', 'Artificial Intelligence (AI)', 'BNB Chain Ecosystem']"
labs-group,1374119.0,"['DWF Labs Portfolio', 'BNB Chain Ecosystem', 'Polygon Ecosystem', 'Ethereum Ecosystem', 'Real World Assets (RWA)']"
laelaps,0.0,"['Telegram Apps', 'Meme', 'Ethereum Ecosystem']"
laika,0.0,"['Meme', 'Ethereum Ecosystem']"
land-of-heroes,0.0,"['Gaming Utility Token', 'Gaming Governance Token', 'Gaming (GameFi)', 'BNB Chain Ecosystem']"
landshare,12769161.0,"['BNB Chain Ecosystem', 'Real World Assets (RWA)']"
landx-governance-token,9089845.0,"['Arbitrum Ecosystem', 'Ethereum Ecosystem', 'Real World Assets (RWA)']"
lcx,206356433.0,"['Finance / Banking', 'Alleged SEC Securities', 'Exchange-based Tokens', 'Ethereum Ecosystem', 'Real World Assets (RWA)']"
league-of-kingdoms,28344604.0,"['Binance Launchpad', 'Gaming Utility Token', 'Strategy Games', 'Gaming Governance Token', 'Gaming (GameFi)', 'NFT', 'Metaverse', 'Ethereum Ecosystem']"
leash,40927592.0,"['Dog-Themed Coins', 'Shibarium Ecosystem', 'Meme', 'Ethereum Ecosystem']"
leetcoin,0.0,"['Gaming (GameFi)', 'Meme', 'Ethereum Ecosystem']"
leia,0.0,"['Cat-Themed Coins', 'Solana Ecosystem', 'Meme']"
leia-the-cat,0.0,"['Solana Token-2022', 'Solana Ecosystem', 'Meme']"
lenny-face,0.0,"['Meme', 'Ethereum Ecosystem']"
leox,23467753.0,"['Ethereum Ecosystem', 'Real World Assets (RWA)']"
lets-go-brandon,0.0,"['Meme', 'Ethereum Ecosystem']"
lfg-coin,0.0,"['Meme', 'Ethereum Ecosystem']"
life-coin,0.0,"['Gaming (GameFi)', 'NFT', 'BNB Chain Ecosystem', 'Play To Earn']"
lilai,4452967.0,"['Telegram Apps', 'Artificial Intelligence (AI)', 'Arbitrum Ecosystem']"
limewire-token,58216718.0,"['Music', 'Artificial Intelligence (AI)', 'SocialFi', 'NFT', 'BNB Chain Ecosystem', 'Polygon Ecosystem', 'Ethereum Ecosystem', 'Algorand Ecosystem']"
linda-2,2936233.0,"['Dog-Themed Coins', 'Linea Ecosystem', 'BNB Chain Ecosystem', 'Polygon Ecosystem', 'Meme', 'Arbitrum Ecosystem', 'Avalanche Ecosystem', 'Ethereum Ecosystem']"
linear,43834211.0,"['Binance Launchpad', 'Decentralized Exchange (DEX)', 'Exchange-based Tokens', 'Decentralized Finance (DeFi)', 'Yield Farming', 'Polkadot Ecosystem', 'BNB Chain Ecosystem', 'Harmony Ecosystem', 'Ethereum Ecosystem', 'Real World Assets (RWA)']"
litedoge,0.0,"['Proof of Stake (PoS)', 'Cryptocurrency', 'Proof of Work (PoW)', 'Meme']"
liza-2,4765339.0,"['Telegram Apps', 'Artificial Intelligence (AI)', 'Ethereum Ecosystem']"
lmeow-2,16138657.0,"['Cat-Themed Coins', 'Meme', 'Ethereum Ecosystem']"
loaf-cat,4823335.0,"['Cat-Themed Coins', 'Solana Meme Coins', 'Solana Ecosystem', 'Meme']"
lobster,0.0,"['Cardano Ecosystem', 'Meme']"
long-johnson,0.0,"['Base Ecosystem', 'Meme']"
lords,18350946.0,"['Starknet Ecosystem', 'On-chain Gaming', 'Gaming (GameFi)', 'Ethereum Ecosystem']"
loserchick-egg,0.0,"['Gaming (GameFi)', 'NFT', 'Polygon Ecosystem', 'Play To Earn']"
love-hate-inu,0.0,"['Meme', 'Ethereum Ecosystem']"
lto-network,86049368.0,"['Proof of Stake (PoS)', 'Cryptocurrency', 'NFT', 'BNB Chain Ecosystem', 'Layer 1 (L1)', 'Ethereum Ecosystem', 'Real World Assets (RWA)']"
lube,6852359.0,"['Linea Ecosystem', 'Meme']"
lucidao,4772932.0,"['Fantom Ecosystem', 'Polygon Ecosystem', 'Real World Assets (RWA)']"
lumishare,0.0,"['BNB Chain Ecosystem', 'Real World Assets (RWA)']"
luna-inu,4663279.0,"['Dog-Themed Coins', 'Meme', 'Ethereum Ecosystem']"
maga,230199893.0,"['PolitiFi', 'BNB Chain Ecosystem', 'Solana Ecosystem', 'Meme', 'Ethereum Ecosystem']"
maga-coin,339993.0,"['PolitiFi', 'BNB Chain Ecosystem', 'Meme']"
maga-coin-eth,0.0,"['PolitiFi', 'Meme', 'Ethereum Ecosystem']"
magic,191156060.0,"['Gaming Utility Token', 'Gaming Governance Token', 'Gaming (GameFi)', 'NFT', 'Metaverse', 'Arbitrum Ecosystem', 'Ethereum Ecosystem']"
magical-blocks,0.0,"['Gaming (GameFi)', 'Play To Earn', 'Collectibles', 'Ethereum Ecosystem']"
magicaltux,1790379.0,"['Cat-Themed Coins', 'Meme', 'Optimism Ecosystem']"
magic-beasties,0.0,"['Gaming (GameFi)', 'NFT', 'BNB Chain Ecosystem', 'Play To Earn']"
magiccraft,7811492.0,"['Gaming (GameFi)', 'NFT', 'Metaverse', 'BNB Chain Ecosystem', 'Fantom Ecosystem', 'Play To Earn', 'Ethereum Ecosystem']"
magic-internet-cash,0.0,"['Meme', 'Ethereum Ecosystem']"
mantra-dao,573267148.0,"['Infrastructure', 'Cosmos Ecosystem', 'Cosmos Ecosystem', 'Polkadot Ecosystem', 'BNB Chain Ecosystem', 'Layer 1 (L1)', 'Polygon Ecosystem', 'Ethereum Ecosystem', 'Real World Assets (RWA)']"
maple,126525720.0,"['Decentralized Finance (DeFi)', 'Lending/Borrowing', 'Ethereum Ecosystem', 'Real World Assets (RWA)']"
marblex,91397477.0,"['Gaming Blockchains', 'DWF Labs Portfolio', 'Gaming (GameFi)', 'BNB Chain Ecosystem', 'Aptos Ecosystem']"
marlin,170079320.0,"['DWF Labs Portfolio', 'Coinbase Ventures Portfolio', 'Artificial Intelligence (AI)', 'Infrastructure', 'Decentralized Finance (DeFi)', 'Arbitrum Ecosystem', 'Ethereum Ecosystem', 'Zero Knowledge (ZK)']"
mars4,7847638.0,"['DWF Labs Portfolio', 'Gaming (GameFi)', 'NFT', 'Metaverse', 'BNB Chain Ecosystem', 'Play To Earn', 'Ethereum Ecosystem']"
marutaro,0.0,"['Meme', 'Ethereum Ecosystem']"
materium,1944975.0,"['Gaming (GameFi)', 'NFT', 'Ethereum Ecosystem']"
matrix-ai-network,12455526.0,"['Proof of Stake (PoS)', 'Artificial Intelligence (AI)', 'Proof of Work (PoW)']"
mbd-financials,4745925.0,"['Artificial Intelligence (AI)', 'Gaming (GameFi)', 'Governance', 'SocialFi', 'Decentralized Finance (DeFi)', 'Metaverse', 'BNB Chain Ecosystem', 'NFT Marketplace', 'Real World Assets (RWA)']"
mch-coin,2300445.0,"['Entertainment', 'Adventure Games', 'RPG', 'Gaming (GameFi)', 'NFT', 'Ethereum Ecosystem']"
mcpepe-s,1007187.0,"['Meme', 'Ethereum Ecosystem']"
megaweapon,0.0,"['Gaming (GameFi)', 'NFT', 'Play To Earn', 'Avalanche Ecosystem', 'Ethereum Ecosystem']"
me-gusta,0.0,"['Meme', 'Ethereum Ecosystem']"
melon-dog,3204061.0,"['Dog-Themed Coins', 'Solana Meme Coins', 'Solana Ecosystem', 'Meme']"
meme-ai-coin,3335010.0,"['Artificial Intelligence (AI)', 'Ethereum Ecosystem']"
memecoin-2,418349152.0,"['Binance Launchpool', 'NFT', 'Meme', 'Ethereum Ecosystem']"
meme-elon-doge-floki-2,0.0,"['BNB Chain Ecosystem', 'Meme', 'Polygon Ecosystem', 'Ethereum Ecosystem']"
meme-inu,98918.0,"['Meme', 'Ethereum Ecosystem']"
meme-lordz,0.0,"['Entertainment', 'Gaming (GameFi)', 'NFT', 'BNB Chain Ecosystem', 'Play To Earn']"
meme-network,0.0,"['Cosmos Ecosystem', 'Meme']"
memes-street,0.0,"['Elon Musk-Inspired Coins', 'Meme', 'Ethereum Ecosystem']"
meowcat-2,0.0,"['Cat-Themed Coins', 'Meme', 'Avalanche Ecosystem']"
merit-circle,61455987.0,"['DWF Labs Portfolio', 'Gaming (GameFi)', 'Governance', 'Binance Launchpool', 'Metaverse', 'BNB Chain Ecosystem', 'Play To Earn', 'Ethereum Ecosystem']"
metacade,21301309.0,"['Gaming Platform', 'Gaming (GameFi)', 'Play To Earn', 'Ethereum Ecosystem']"
metaderby,0.0,"['Animal Racing', 'Gaming (GameFi)', 'Play To Earn', 'Avalanche Ecosystem']"
meta-doge,133369.0,"['NFT', 'Metaverse', 'BNB Chain Ecosystem', 'Meme', 'Ethereum Ecosystem']"
metadoge-bsc,0.0,"['BNB Chain Ecosystem', 'Meme']"
metafighter,1383313.0,"['Gaming Utility Token', 'Gaming Governance Token', 'Gaming (GameFi)', 'Fighting Games', 'BNB Chain Ecosystem', 'Play To Earn']"
metahero,32017360.0,"['Gaming Utility Token', 'Gaming Governance Token', 'Gaming (GameFi)', 'Metaverse', 'BNB Chain Ecosystem']"
metaland-gameverse,0.0,"['Gaming (GameFi)', 'NFT', 'Fantom Ecosystem', 'Play To Earn']"
meta-minigames,0.0,"['Gaming (GameFi)', 'Ethereum Ecosystem']"
metarun,454933.0,"['Gaming (GameFi)', 'NFT', 'BNB Chain Ecosystem', 'Play To Earn']"
metastrike,1773298.0,"['Shooting Games', 'Gaming (GameFi)', 'BNB Chain Ecosystem']"
meta-toy-dragonz-saga-fxerc20,766281.0,"['Gaming (GameFi)', 'NFT', 'Polygon Ecosystem', 'Play To Earn']"
metaverser,1176392.0,"['Gaming (GameFi)', 'NFT', 'Metaverse', 'BNB Chain Ecosystem', 'Play To Earn']"
metaversex,0.0,"['Gaming (GameFi)', 'Play To Earn']"
metazero,0.0,"['Ethereum Ecosystem', 'Real World Assets (RWA)']"
micropepe,0.0,"['Meme', 'Ethereum Ecosystem']"
micropets,6122935.0,"['Gaming (GameFi)', 'NFT', 'BNB Chain Ecosystem', 'Play To Earn']"
micropets-2,0.0,"['Gaming (GameFi)', 'NFT', 'BNB Chain Ecosystem', 'Play To Earn']"
mikawa-inu,0.0,"['Meme', 'Ethereum Ecosystem']"
milady-meme-coin,119974797.0,"['Meme', 'Arbitrum Ecosystem', 'Ethereum Ecosystem']"
milady-wif-hat,0.0,"['Solana Meme Coins', 'Solana Ecosystem', 'Meme']"
mimir-token,0.0,"['Gaming (GameFi)', 'BNB Chain Ecosystem', 'Polygon Ecosystem', 'Ethereum Ecosystem']"
mimo-parallel-governance-token,5262779.0,"['Fantom Ecosystem', 'Polygon Ecosystem', 'Ethereum Ecosystem', 'Real World Assets (RWA)']"
mines-of-dalarnia,81017054.0,"['Gaming (GameFi)', 'Binance Launchpool', 'BNB Chain Ecosystem', 'Play To Earn', 'Ethereum Ecosystem']"
minu,1853967.0,"['BNB Chain Ecosystem', 'Meme']"
mist,411323.0,"['Gaming (GameFi)', 'NFT', 'Metaverse', 'BNB Chain Ecosystem', 'Play To Earn']"
mixmob,6795492.0,"['Racing Games', 'Gaming Governance Token', 'Gaming (GameFi)', 'Solana Ecosystem']"
mobox,78673677.0,"['Gaming Governance Token', 'RPG', 'Gaming (GameFi)', 'Binance Launchpool', 'NFT', 'Metaverse', 'BNB Chain Ecosystem', 'Play To Earn']"
mochicat,0.0,"['Cat-Themed Coins', 'Solana Meme Coins', 'Solana Ecosystem', 'Meme']"
mochi-thecatcoin,33368244.0,"['Cat-Themed Coins', 'Base Meme Coins', 'Base Ecosystem', 'Meme']"
moew,0.0,"['Cat-Themed Coins', 'Base Meme Coins', 'Base Ecosystem', 'Meme']"
mog-coin,168591885.0,"['Cat-Themed Coins', 'Base Ecosystem', 'Meme', 'Ethereum Ecosystem']"
momo-v2,60738.0,"['Meme', 'Ethereum Ecosystem']"
monacoin,0.0,"['Proof of Work (PoW)', 'Meme']"
monai,6081708.0,"['Artificial Intelligence (AI)', 'Ethereum Ecosystem']"
mongcoin,0.0,"['Meme', 'Ethereum Ecosystem']"
monke,0.0,"['Meme', 'Ethereum Ecosystem']"
monkeyball,7105648.0,"['Gaming Utility Token', 'Sports Games', 'Base Ecosystem', 'Gaming (GameFi)', 'NFT', 'Solana Ecosystem', 'Play To Earn']"
monkeyhaircut,0.0,"['Solana Meme Coins', 'Solana Ecosystem', 'Meme']"
monku,0.0,"['Solana Meme Coins', 'Solana Ecosystem', 'Meme']"
monsta-infinite,556095.0,"['Card Games', 'Gaming (GameFi)', 'NFT', 'BNB Chain Ecosystem']"
monster-ball,0.0,"['Gaming (GameFi)', 'BNB Chain Ecosystem']"
monsterra,1612842.0,"['Entertainment', 'Gaming (GameFi)', 'NFT', 'Cosmos Ecosystem', 'BNB Chain Ecosystem', 'Play To Earn', 'Avalanche Ecosystem', 'Liquid Staking Governance Tokens']"
monsterra-mag,0.0,"['Entertainment', 'Gaming (GameFi)', 'NFT', 'Cosmos Ecosystem', 'BNB Chain Ecosystem', 'Play To Earn', 'Avalanche Ecosystem', 'Liquid Staking Tokens']"
mooncats-on-base,0.0,"['Cat-Themed Coins', 'Meme', 'Base Meme Coins', 'Base Ecosystem']"
moon-tropica,63312746.0,"['Gaming Governance Token', 'Gaming Utility Token', 'Gaming (GameFi)', 'Ethereum Ecosystem']"
morra,5738986.0,"['NFT', 'Gaming (GameFi)', 'Ethereum Ecosystem']"
mozaic,2710256.0,"['Farming-as-a-Service (FaaS)', 'Yield Aggregator', 'Yield Farming', 'Decentralized Finance (DeFi)', 'Artificial Intelligence (AI)', 'Arbitrum Ecosystem']"
mrspepe,0.0,"['Ethereum Ecosystem', 'Meme']"
mumu-the-bull-3,0.0,"['Meme', 'Solana Meme Coins', 'Solana Ecosystem']"
must,563796.0,"['Ethereum Ecosystem', 'Gaming (GameFi)', 'Polygon Ecosystem', 'NFT']"
mutant-pepe,0.0,"['BNB Chain Ecosystem', 'Meme']"
mutatio-xcopyflies,0.0,"['Meme', 'Base Ecosystem']"
mxs-games,,"['Gaming (GameFi)', 'Gaming Platform', 'Avalanche Ecosystem']"
my-defi-pet,2633183.0,"['Breeding', 'BNB Chain Ecosystem', 'KardiaChain Ecosystem', 'Play To Earn', 'Collectibles', 'Gaming (GameFi)', 'NFT']"
my-master-war,129685.0,"['RPG', 'BNB Chain Ecosystem', 'Play To Earn', 'Gaming (GameFi)']"
my-neighbor-alice,102679456.0,"['Simulation Games', 'Gaming Utility Token', 'Gaming Governance Token', 'Binance Launchpool', 'Ethereum Ecosystem', 'BNB Chain Ecosystem', 'Metaverse', 'DaoMaker Ecosystem', 'NFT', 'Gaming (GameFi)']"
myra,0.0,"['Dog-Themed Coins', 'Solana Meme Coins', 'Meme', 'Solana Ecosystem']"
myria,108942193.0,"['Gaming Platform', 'Rollup', 'Gaming (GameFi)', 'NFT', 'Ethereum Ecosystem']"
myro,137886704.0,"['Solana Meme Coins', 'Meme', 'Dog-Themed Coins', 'Solana Ecosystem']"
nakamoto-games,85998699.0,"['Gaming Platform', 'Gaming (GameFi)', 'Play To Earn', 'Polygon Ecosystem', 'Ethereum Ecosystem']"
nana-token,0.0,"['Solana Ecosystem', 'Metaverse', 'Play To Earn', 'Gaming (GameFi)']"
navy-seal,0.0,"['Meme', 'Ethereum Ecosystem']"
neko,0.0,['Meme']
neopepe,0.0,"['Meme', 'Neon Ecosystem']"
netmind-token,0.0,"['Ethereum Ecosystem', 'Artificial Intelligence (AI)', 'BNB Chain Ecosystem']"
netvrk,8492582.0,"['Polygon Ecosystem', 'Ethereum Ecosystem', 'Gaming (GameFi)', 'Metaverse', 'NFT', 'Entertainment']"
network-spirituality,0.0,"['Meme', 'Ethereum Ecosystem']"
neural-radiance-field,0.0,"['Artificial Intelligence (AI)', 'Ethereum Ecosystem']"
neuroni-ai,3551712.0,"['Artificial Intelligence (AI)', 'Telegram Apps', 'Ethereum Ecosystem']"
nftb,3017786.0,"['Gaming (GameFi)', 'BNB Chain Ecosystem', 'NFT']"
nft-champions,0.0,"['Polygon Ecosystem', 'Play To Earn', 'Gaming (GameFi)']"
nft-soccer-games,24990.0,"['Play To Earn', 'NFT', 'Gaming (GameFi)', 'Avalanche Ecosystem']"
nft-worlds,25188409.0,"['Polygon Ecosystem', 'Ethereum Ecosystem', 'Play To Earn', 'NFT', 'Gaming (GameFi)', 'Metaverse']"
niccagewaluigielmo42069inu,90128.0,"['Meme', 'Ethereum Ecosystem']"
nifty-league,903325.0,"['Ethereum Ecosystem', 'NFT', 'Gaming (GameFi)']"
nitro-league,353897.0,"['Racing Games', 'Augmented Reality', 'Metaverse', 'Ethereum Ecosystem', 'Play To Earn', 'Gaming (GameFi)', 'Cryptocurrency', 'NFT', 'Entertainment', 'Polygon Ecosystem']"
nitroshiba,4401.82,"['Meme', 'Arbitrum Ecosystem']"
noisegpt,29905627.0,"['Telegram Apps', 'Artificial Intelligence (AI)', 'Arbitrum Ecosystem', 'Ethereum Ecosystem']"
nolimitcoin,88666.0,"['Proof of Stake (PoS)', 'Sports', 'Gaming (GameFi)', 'BNB Chain Ecosystem', 'Number']"
non-playable-coin,25519473.0,"['Base Ecosystem', 'NFT', 'Meme', 'Ethereum Ecosystem']"
normie-2,54317828.0,"['Meme', 'Base Meme Coins', 'Base Ecosystem']"
nosana,291102872.0,"['DePIN', 'Solana Ecosystem', 'Artificial Intelligence (AI)']"
not-financial-advice,2545913.0,"['Shibarium Ecosystem', 'Artificial Intelligence (AI)', 'Ethereum Ecosystem']"
nothing-token,0.0,"['Ethereum Ecosystem', 'Meme']"
numa,0.0,"['Real World Assets (RWA)', 'Synths', 'LSDFi', 'Arbitrum Ecosystem']"
numbers-protocol,56638319.0,"['Artificial Intelligence (AI)', 'Ethereum Ecosystem', 'DaoMaker Ecosystem', 'BNB Chain Ecosystem']"
numeraire,143678357.0,"['Paradigm Portfolio', 'Artificial Intelligence (AI)', 'Ethereum Ecosystem', 'Decentralized Finance (DeFi)', 'Business Services']"
nyan-meme-coin,0.0,"['Ethereum Ecosystem', 'Meme']"
nyxia-ai,460660.0,"['Cat-Themed Coins', 'AI Meme Coins', 'NFT', 'Meme', 'Solana Ecosystem']"
oasys,114832814.0,"['Gaming Blockchains', 'Proof of Stake (PoS)', 'Smart Contract Platform', 'Layer 1 (L1)', 'Gaming (GameFi)']"
ocean-protocol,494321541.0,"['Optimism Ecosystem', 'DePIN', 'Artificial Intelligence (AI)', 'Ethereum Ecosystem', 'Polygon Ecosystem', 'Polkadot Ecosystem', 'Storage', 'Protocol']"
och,3040775.0,"['Artificial Intelligence (AI)', 'Ethereum Ecosystem', 'Decentralized Finance (DeFi)', 'Lending/Borrowing']"
octaspace,34552614.0,"['DePIN', 'Internet of Things (IOT)', 'Artificial Intelligence (AI)', 'Layer 1 (L1)']"
octavia,13180533.0,"['Poolz Finance Launchpad', 'Discord Bots', 'Telegram Apps', 'Artificial Intelligence (AI)', 'DaoMaker Ecosystem', 'BNB Chain Ecosystem']"
octo-gaming,15065082.0,"['Gaming Platform', 'Gaming (GameFi)', 'Solana Ecosystem']"
oggy-inu-2,618324.0,"['Telegram Apps', 'Payment Solutions', 'Big Data', 'Artificial Intelligence (AI)', 'Decentralized Finance (DeFi)', 'Meme', 'Ethereum Ecosystem']"
oh-no,0.0,"['Blast Ecosystem', 'Meme']"
ojamu,453517.0,"['Artificial Intelligence (AI)', 'Arbitrum Ecosystem', 'Analytics', 'Business Services', 'Polygon Ecosystem', 'Ethereum Ecosystem']"
okage-inu,0.0,"['Ethereum Ecosystem', 'Meme']"
omnicat,22904912.0,"['Cat-Themed Coins', 'Blast Ecosystem', 'Meme', 'Solana Ecosystem', 'Polygon Ecosystem', 'Canto Ecosystem', 'Base Ecosystem', 'BNB Chain Ecosystem', 'Arbitrum Ecosystem', 'Ethereum Ecosystem']"
ondo-finance,1139853426.0,"['Coinbase Ventures Portfolio', 'Real World Assets (RWA)', 'Ethereum Ecosystem']"
onigiri-kitty,685881.0,"['Cat-Themed Coins', 'Meme', 'BNB Chain Ecosystem']"
openeden-tbill,0.0,"['Tokenized Treasury Bills (T-Bills)', 'Real World Assets (RWA)', 'Ethereum Ecosystem']"
openfabric,29093571.0,"['Artificial Intelligence (AI)', 'Poolz Finance Launchpad', 'BNB Chain Ecosystem', 'ChainGPT Pad']"
optimus-ai,23335312.0,"['Artificial Intelligence (AI)', 'Elon Musk-Inspired Coins', 'Meme', 'Ethereum Ecosystem']"
optimus-inu,0.0,"['BNB Chain Ecosystem', 'Meme']"
opulous,77759461.0,"['Arbitrum Ecosystem', 'Real World Assets (RWA)', 'Algorand Ecosystem', 'Ethereum Ecosystem', 'BNB Chain Ecosystem', 'NFT', 'Music']"
oraichain-token,167095975.0,"['AI Agents', 'Artificial Intelligence (AI)', 'DWF Labs Portfolio', 'Layer 1 (L1)', 'Ethereum Ecosystem', 'BNB Chain Ecosystem', 'Cosmos Ecosystem', 'Big Data', 'Business Services', 'Decentralized Finance (DeFi)', 'Oracle']"
orbofi-ai,8142871.0,"['Artificial Intelligence (AI)', 'Poolz Finance Launchpad', 'BNB Chain Ecosystem', 'Ethereum Ecosystem']"
origintrail,355144532.0,"['DePIN', 'Real World Assets (RWA)', 'Metaverse', 'Decentralized Science (DeSci)', 'Interoperability', 'Artificial Intelligence (AI)', 'Polygon Ecosystem', 'Ethereum Ecosystem', 'Gnosis Chain Ecosystem', 'Polkadot Ecosystem']"
otacon-ai,0.0,"['Artificial Intelligence (AI)', 'Ethereum Ecosystem']"
ousg,0.0,"['Tokenized Treasury Bonds (T-Bonds)', 'Solana Ecosystem', 'Polygon Ecosystem', 'Ethereum Ecosystem', 'Real World Assets (RWA)']"
outer-ring,6393727.0,"['Gaming (GameFi)', 'NFT', 'Metaverse', 'BNB Chain Ecosystem', 'Kommunitas Launchpad', 'NFT Marketplace']"
paal-ai,229417325.0,"['Telegram Apps', 'PAAL AI', 'Discord Bots', 'Artificial Intelligence (AI)', 'Ethereum Ecosystem']"
paint,415996.0,"['Artificial Intelligence (AI)', 'NFT', 'Polygon Ecosystem', 'Ethereum Ecosystem']"
pajamas-cat,3383298.0,"['Cat-Themed Coins', 'Solana Meme Coins', 'Solana Ecosystem', 'Meme']"
palm-ai,50722378.0,"['Telegram Apps', 'Artificial Intelligence (AI)', 'Ethereum Ecosystem']"
pancake-hunny,502154.0,"['Card Games', 'Gaming (GameFi)', 'Yield Aggregator', 'BNB Chain Ecosystem']"
pandacoin-inu,0.0,"['Scroll Ecosystem', 'Meme']"
parcl,55796614.0,"['Real Estate', 'Solana Ecosystem', 'Real World Assets (RWA)']"
passage,27656297.0,"['Metaverse', 'Gaming (GameFi)', 'Osmosis Ecosystem', 'Cosmos Ecosystem']"
pegaxy-stone,2659412.0,"['Avalanche Ecosystem', 'Polygon Ecosystem', 'Play To Earn', 'Gaming (GameFi)', 'NFT']"
pendle,572623339.0,"['Restaking', 'Liquid Restaking Governance Tokens', 'LRTfi', 'Real World Assets (RWA)', 'Optimism Ecosystem', 'LSDFi', 'BNB Chain Ecosystem', 'Fixed Interest', 'Arbitrum Ecosystem', 'Ethereum Ecosystem', 'Avalanche Ecosystem', 'Olympus Pro', 'Derivatives', 'Decentralized Finance (DeFi)', 'Automated Market Maker (AMM)']"
peng,22864725.0,"['Solana Meme Coins', 'Meme', 'Solana Ecosystem']"
pepa-erc,0.0,"['Ethereum Ecosystem', 'Meme']"
pepcat,0.0,"['Meme', 'Solana Meme Coins', 'Cat-Themed Coins', 'Solana Ecosystem']"
pepe,2077477849.0,"['Arbitrum Ecosystem', 'BNB Chain Ecosystem', 'Ethereum Ecosystem', 'Meme']"
pepe-ai,0.0,"['BNB Chain Ecosystem', 'Meme']"
pepe-chain,0.0,"['BNB Chain Ecosystem', 'Meme']"
pepecoin-2,0.0,"['Frog-Themed Coins', 'Meme', 'Ethereum Ecosystem']"
pepecoin-on-sol,0.0,"['Solana Meme Coins', 'Meme', 'Solana Ecosystem']"
pepe-dao,0.0,"['BNB Chain Ecosystem', 'Meme']"
pepe-floki,0.0,"['BNB Chain Ecosystem', 'Meme']"
pepefork,54435608.0,"['Meme', 'Ethereum Ecosystem']"
pepelon,0.0,"['BNB Chain Ecosystem', 'Meme']"
pepemon-pepeballs,362282.0,"['Frog-Themed Coins', 'Ethereum Ecosystem', 'Meme', 'Polygon Ecosystem', 'NFT']"
pepe-of-wallstreet,0.0,"['Meme', 'Ethereum Ecosystem']"
pepe-original-version,0.0,"['Ethereum Ecosystem', 'BNB Chain Ecosystem', 'Meme']"
pepe-predator,,"['Ethereum Ecosystem', 'Meme']"
pepesol,0.0,"['Solana Ecosystem', 'Meme']"
pepe-the-frog,0.0,"['BNB Chain Ecosystem', 'Meme']"
pepe-token,1162409.0,"['Meme', 'Ethereum Ecosystem']"
pepeusdt,0.0,"['BNB Chain Ecosystem', 'Meme']"
pepe-wif-hat,0.0,"['Meme', 'BNB Chain Ecosystem']"
perry-the-bnb,0.0,"['BNB Chain Ecosystem', 'Meme']"
phantasma,15167070.0,"['Gaming Governance Token', 'BNB Chain Ecosystem', 'Ethereum Ecosystem', 'Artificial Intelligence (AI)', 'Layer 1 (L1)', 'Yield Farming', 'Play To Earn', 'Metaverse', 'Gaming (GameFi)', 'Storage', 'Entertainment', 'NFT', 'Smart Contract Platform']"
phoenix-global,76013449.0,"['Oracle', 'Artificial Intelligence (AI)', 'NFT', 'BNB Chain Ecosystem']"
phteven,0.0,"['Solana Meme Coins', 'Meme', 'Solana Ecosystem']"
pikaboss,5669874.0,"['Meme', 'Ethereum Ecosystem']"
pitbull,0.0,"['Meme', 'BNB Chain Ecosystem']"
pixels,288408903.0,"['Gaming Utility Token', 'Gaming (GameFi)', 'Ronin Ecosystem', 'Ethereum Ecosystem']"
planetcats,0.0,"['BNB Chain Ecosystem', 'Meme']"
planet-sandbox,0.0,"['Play To Earn', 'Gaming (GameFi)', 'NFT', 'BNB Chain Ecosystem']"
planet-token,41381836.0,"['Real World Assets (RWA)', 'BNB Chain Ecosystem', 'Ethereum Ecosystem']"
playa3ull-games-2,22194338.0,"['Gaming (GameFi)', 'Play To Earn', 'NFT', 'Avalanche Ecosystem']"
playnity,144055.0,"['Metaverse', 'Play To Earn', 'Gaming (GameFi)', 'Guild and Scholarship', 'Terra Ecosystem', 'BNB Chain Ecosystem']"
playzap,9157967.0,"['Solana Ecosystem', 'Gaming Utility Token', 'Poolz Finance Launchpad', 'DWF Labs Portfolio', 'Play To Earn', 'Gaming (GameFi)', 'BNB Chain Ecosystem']"
poglana,0.0,"['Solana Ecosystem', 'Meme']"
poison-finance,577344.0,"['Real World Assets (RWA)', 'Yield Farming', 'Decentralized Finance (DeFi)', 'Synthetic Issuer', 'Polygon Ecosystem', 'BNB Chain Ecosystem', 'Arbitrum Ecosystem']"
polka-city,5493833.0,"['Ethereum Ecosystem', 'BNB Chain Ecosystem', 'Metaverse', 'Gaming (GameFi)', 'NFT']"
polkawar,189407.0,['Gaming (GameFi)']
polker,1446344.0,"['Card Games', 'Polygon Ecosystem', 'Ethereum Ecosystem', 'BNB Chain Ecosystem', 'NFT', 'Gaming (GameFi)', 'Play To Earn']"
polydoge,6719029.0,"['Dog-Themed Coins', 'NFT', 'Polygon Ecosystem', 'Cryptocurrency', 'Meme']"
polymesh,454278459.0,"['Real World Assets (RWA)', 'Polkadot Ecosystem']"
polytrade,59804455.0,"['Arbitrum Ecosystem', 'DWF Labs Portfolio', 'Real World Assets (RWA)', 'Polygon Ecosystem', 'BNB Chain Ecosystem', 'Ethereum Ecosystem']"
poncho,0.0,"['Cat-Themed Coins', 'Meme', 'Base Ecosystem']"
ponke,48294317.0,"['Solana Meme Coins', 'Meme', 'Solana Ecosystem']"
poodle,562883.0,"['NFT', 'BNB Chain Ecosystem', 'Meme']"
poopcoin-poop,0.0,"['Base Ecosystem', 'Base Meme Coins', 'Meme']"
popcat,98262290.0,"['Cat-Themed Coins', 'Solana Meme Coins', 'Meme', 'Solana Ecosystem']"
popecoin,0.0,"['BNB Chain Ecosystem', 'Ethereum Ecosystem', 'Meme']"
portal-2,150496501.0,"['Gaming (GameFi)', 'Gaming Platform', 'Ethereum Ecosystem']"
potato-3,0.0,"['Solana Ecosystem', 'Solana Meme Coins', 'Meme']"
pou,597940.0,"['Solana Meme Coins', 'Meme', 'Solana Ecosystem']"
precipitate-ai,8590689.0,"['Base Ecosystem', 'DePIN', 'Artificial Intelligence (AI)', 'Ethereum Ecosystem']"
presearch,9214270.0,"['Artificial Intelligence (AI)', 'Ethereum Ecosystem']"
project-oasis,78725.0,"['BNB Chain Ecosystem', 'Metaverse', 'NFT', 'Gaming (GameFi)']"
propbase,52114184.0,['Real World Assets (RWA)']
propchain,58929134.0,"['Real World Assets (RWA)', 'Ethereum Ecosystem']"
propy,133676843.0,"['Base Ecosystem', 'Real World Assets (RWA)', 'Ethereum Ecosystem', 'Real Estate']"
pudgy-cat,0.0,"['Meme', 'Cardano Ecosystem']"
pump,0.0,"['Blast Ecosystem', 'Meme']"
pundu,0.0,"['Solana Ecosystem', 'Meme', 'Solana Meme Coins']"
punk-2,65777130.0,"['TON Ecosystem', 'Ethereum Ecosystem', 'Gaming (GameFi)', 'Telegram Apps']"
pups-ordinals,378955185.0,"['Bitcoin Ecosystem', 'Meme', 'Inscriptions', 'BRC-20']"
purefi,10082615.0,"['Cybersecurity', 'Oracle', 'Artificial Intelligence (AI)', 'Identity', 'Zero Knowledge (ZK)', 'Ethereum Ecosystem', 'Polygon Ecosystem', 'BNB Chain Ecosystem']"
pusuke-inu,0.0,"['Ethereum Ecosystem', 'Meme']"
qopro,28583119.0,"['Gaming Platform', 'Gaming (GameFi)', 'BNB Chain Ecosystem', 'Play To Earn', 'Ethereum Ecosystem', 'NFT Marketplace']"
quadency,2315565.0,"['Artificial Intelligence (AI)', 'Ethereum Ecosystem']"
quant-ai,0.0,"['AI Agents', 'Artificial Intelligence (AI)', 'Ethereum Ecosystem']"
quick-intel,4870464.0,"['Telegram Apps', 'Discord Bots', 'Artificial Intelligence (AI)', 'Arbitrum Ecosystem', 'Ethereum Ecosystem']"
rabbitking,26230.0,"['BNB Chain Ecosystem', 'Meme']"
radio-caca,82347281.0,"['DWF Labs Portfolio', 'Gaming (GameFi)', 'NFT', 'Metaverse', 'BNB Chain Ecosystem', 'Play To Earn', 'Ethereum Ecosystem']"
ragingelonmarscoin,0.0,"['Meme', 'Ethereum Ecosystem']"
raider-aurum,0.0,"['Gaming (GameFi)', 'Polygon Ecosystem', 'Play To Earn']"
rainbow-token-2,7474313.0,"['Animal Racing', 'Governance', 'Gaming (GameFi)', 'NFT', 'Metaverse', 'Polygon Ecosystem', 'Play To Earn', 'Liquid Staking Governance Tokens']"
rainicorn,4016390.0,"['Gaming (GameFi)', 'NFT', 'Metaverse', 'BNB Chain Ecosystem', 'Fantom Ecosystem', 'Play To Earn', 'Ethereum Ecosystem']"
raini-studios-token,30720103.0,"['Gaming (GameFi)', 'Avalanche Ecosystem', 'Ethereum Ecosystem']"
realfevr,2721188.0,"['NFT', 'Gaming (GameFi)', 'Avalanche Ecosystem', 'Ethereum Ecosystem', 'Polygon Ecosystem', 'BNB Chain Ecosystem']"
realio-network,0.0,"['Stellar Ecosystem', 'BNB Chain Ecosystem', 'Real World Assets (RWA)', 'Algorand Ecosystem', 'Ethereum Ecosystem']"
realis-network,0.0,['Gaming (GameFi)']
reality-metaverse,9542454.0,"['Gaming Utility Token', 'Play To Earn', 'NFT', 'Metaverse', 'Gaming (GameFi)', 'DWF Labs Portfolio', 'Ethereum Ecosystem']"
realm,2615868.0,"['Simulation Games', 'Ethereum Ecosystem', 'Play To Earn', 'Gaming (GameFi)', 'Polygon Ecosystem', 'NFT', 'Metaverse']"
real-smurf-cat,5978092.0,"['Cat-Themed Coins', 'Meme', 'Ethereum Ecosystem']"
rebel-bots,10604468.0,"['Gaming Governance Token', 'Gaming Utility Token', 'Breeding', 'Card Games', 'Play To Earn', 'NFT', 'Gaming (GameFi)', 'Polygon Ecosystem']"
rebel-bots-oil,0.0,"['Gaming Utility Token', 'Play To Earn', 'Gaming (GameFi)', 'Polygon Ecosystem']"
reboot,5348849.0,"['Gaming Platform', 'Gaming (GameFi)', 'Arbitrum Nova Ecosystem', 'Arbitrum Ecosystem']"
redfox-labs-2,7376352.0,"['Gaming Governance Token', 'Ethereum Ecosystem', 'BNB Chain Ecosystem', 'Metaverse', 'Gaming (GameFi)', 'Collectibles', 'NFT']"
regen,10811409.0,"['Osmosis Ecosystem', 'Real World Assets (RWA)', 'Cosmos Ecosystem']"
rektcoin,0.0,"['Meme', 'Ethereum Ecosystem', 'BNB Chain Ecosystem', 'Telegram Apps']"
render-token,2902838641.0,"['Multicoin Capital Portfolio', 'Solana Ecosystem', 'DePIN', 'Artificial Intelligence (AI)', 'Ethereum Ecosystem', 'Metaverse', 'NFT', 'Polygon Ecosystem']"
renegade,0.0,"['Shooting Games', 'Gaming (GameFi)', 'Ethereum Ecosystem']"
rentible,640221.0,"['Real World Assets (RWA)', 'Ethereum Ecosystem', 'BNB Chain Ecosystem']"
resistance-dog,0.0,"['Dog-Themed Coins', 'Meme', 'TON Meme Coins', 'TON Ecosystem']"
retardio,13691824.0,"['NFT', 'Solana Meme Coins', 'Meme', 'Solana Ecosystem']"
retrocraft,761441.0,"['Gaming (GameFi)', 'BNB Chain Ecosystem']"
revenant,1118326.0,"['Gaming (GameFi)', 'Metis Ecosystem']"
revest-finance,18528636.0,"['Real World Assets (RWA)', 'Ethereum Ecosystem']"
revolve-games,1219952.0,"['RPG', 'BNB Chain Ecosystem', 'Play To Earn', 'Gaming (GameFi)']"
revomon-2,2970438.0,"['Ethereum Ecosystem', 'Play To Earn', 'Collectibles', 'Metaverse', 'NFT', 'BNB Chain Ecosystem', 'Virtual Reality', 'Gaming (GameFi)']"
revv,9595398.0,"['Racing Games', 'Ethereum Ecosystem', 'BNB Chain Ecosystem', 'Metaverse', 'Play To Earn', 'Gaming (GameFi)', 'Polygon Ecosystem', 'NFT']"
richai,0.0,"['PulseChain Ecosystem', 'Ethereum Ecosystem', 'Meme']"
risitas,75263.0,"['Arbitrum Ecosystem', 'Ethereum Ecosystem', 'Meme']"
risitas-2,0.0,"['Base Ecosystem', 'Meme']"
roaring-kitty,0.0,"['Meme', 'Ethereum Ecosystem']"
roasthimjim,1835233.0,"['Artificial Intelligence (AI)', 'Ethereum Ecosystem']"
roko-network,10245119.0,"['Artificial Intelligence (AI)', 'Ethereum Ecosystem']"
rome,2664900.0,"['Gaming (GameFi)', 'Rebase Tokens', 'Moonriver Ecosystem']"
ronin,947662785.0,"['Gaming Blockchains', 'Play To Earn', 'NFT', 'Layer 1 (L1)', 'Ronin Ecosystem', 'FTX Holdings', 'Gaming (GameFi)', 'Smart Contract Platform']"
roost,0.0,"['Base Ecosystem', 'Meme', 'Base Meme Coins']"
rosnet,0.0,"['Artificial Intelligence (AI)', 'Arbitrum Ecosystem']"
rosy,0.0,"['Meme', 'Dog-Themed Coins']"
rss3,225831497.0,"['Coinbase Ventures Portfolio', 'Infrastructure', 'Artificial Intelligence (AI)', 'Storage', 'Ethereum Ecosystem']"
sacabam,1478398.0,"['Meme', 'Sui Ecosystem']"
sad-hamster,0.0,"['Meme', 'Solana Meme Coins', 'Solana Ecosystem']"
safemoon-inu,1038371.0,"['Ethereum Ecosystem', 'Meme']"
samoyedcoin,28795017.0,"['Solana Meme Coins', 'Dog-Themed Coins', 'Solana Ecosystem', 'Meme']"
sappy-seals-pixl,28984632.0,"['Play To Earn', 'Metaverse', 'Gaming (GameFi)', 'Ethereum Ecosystem']"
schrodinger,0.0,"['Elon Musk-Inspired Coins', 'Meme', 'Cat-Themed Coins', 'Ethereum Ecosystem']"
scrooge,7225.01,"['Gaming (GameFi)', 'BNB Chain Ecosystem']"
sealwifhat,0.0,"['Meme', 'Solana Meme Coins', 'Solana Ecosystem']"
secured-on-blockchain,0.0,"['Real World Assets (RWA)', 'Ethereum Ecosystem']"
secured-on-blockchain-2,0.0,"['Real World Assets (RWA)', 'Ethereum Ecosystem']"
seiyan,0.0,"['Meme', 'Cosmos Ecosystem', 'Sei Ecosystem']"
selfkey,38610630.0,"['Polygon Ecosystem', 'Artificial Intelligence (AI)', 'Identity', 'Ethereum Ecosystem', 'Business Services']"
senate,10621508.0,"['Gaming Utility Token', 'Metaverse', 'Play To Earn', 'Gaming (GameFi)', 'NFT', 'Ethereum Ecosystem']"
sharbi,43161.0,"['Solana Ecosystem', 'Shibarium Ecosystem', 'Ethereum Ecosystem', 'Arbitrum Ecosystem', 'Meme']"
shark-cat,0.0,"['Cat-Themed Coins', 'Meme', 'Solana Meme Coins', 'Solana Ecosystem']"
shiba-bsc,0.0,['Meme']
shiba-cartel,0.0,"['Arbitrum Ecosystem', 'Meme']"
shibadoge,3345142.0,"['NFT', 'Meme', 'Ethereum Ecosystem', 'BNB Chain Ecosystem']"
shiba-inu,12897279878.0,"['Dog-Themed Coins', 'Shibarium Ecosystem', 'Ethereum Ecosystem', 'BNB Chain Ecosystem', 'Meme']"
shiba-inu-mother,0.0,['Meme']
shibaken-finance,0.0,"['Polygon Ecosystem', 'BNB Chain Ecosystem', 'Ethereum Ecosystem', 'Meme']"
shibapoconk,0.0,"['Fantom Ecosystem', 'Meme']"
shiba-predator,23352874.0,"['Meme', 'Ethereum Ecosystem']"
shiba-saga,5385739.0,"['Meme', 'Ethereum Ecosystem']"
shibavax,285874.0,"['Avalanche Ecosystem', 'Meme']"
shibgf,0.0,"['Ethereum Ecosystem', 'Meme']"
shibonk-311f81df-a4ea-4f31-9e61-df0af8211bd7,0.0,['Meme']
shib-original-vision,522918.0,"['Meme', 'Ethereum Ecosystem']"
shih-tzu,705758.0,"['Ethereum Ecosystem', 'Meme']"
shila-inu,0.0,"['Ethereum Ecosystem', 'Meme']"
